source_file,source_url,extraction_scope,years_extracted,rows_extracted,data_types,status,note,captured_at
data\commercial_sources\phase1_official_stats\asps_plastic_surgery_statistics\2020__procedure_statistics__2020-plastic-surgery-statistics-report.pdf,https://www.plasticsurgery.org/documents/news/statistics/2020/plastic-surgery-statistics-full-report-2020.pdf,ASPS official procedure/fee/regional extraction,2020,74,procedure_volume,extracted,Loaded into data/asps_market_metrics.csv.,2026-06-20T16:34:53+08:00
data\commercial_sources\phase1_official_stats\asps_plastic_surgery_statistics\2022-2023__cosmetic_procedure__2022-2023-national-cosmetic-procedures.pdf,https://www.plasticsurgery.org/documents/news/statistics/2023/cosmetic-procedure-trends-2023.pdf,ASPS official procedure/fee/regional extraction,2022;2023,52,procedure_volume,extracted,Loaded into data/asps_market_metrics.csv.,2026-06-20T16:34:53+08:00
data\commercial_sources\phase1_official_stats\asps_plastic_surgery_statistics\2022-2023__minimally_invasive__2022-2023-national-minimally-invasive-procedures.pdf,https://www.plasticsurgery.org/documents/news/statistics/2023/minimally-invasive-procedure-trends-2023.pdf,ASPS official procedure/fee/regional extraction,2022;2023,20,procedure_volume,extracted,Loaded into data/asps_market_metrics.csv.,2026-06-20T16:34:53+08:00
data\commercial_sources\phase1_official_stats\asps_plastic_surgery_statistics\2022-2023__reconstructive_procedure__2022-2023-national-reconstructive-procedures.pdf,https://www.plasticsurgery.org/documents/news/statistics/2023/reconstructive-procedure-trends-2023.pdf,ASPS official procedure/fee/regional extraction,2022;2023,32,procedure_volume,extracted,Loaded into data/asps_market_metrics.csv.,2026-06-20T16:34:53+08:00
data\commercial_sources\phase1_official_stats\asps_plastic_surgery_statistics\2024__complete_report__2024-complete-plastic-surgery-statistics-report.pdf,https://www.plasticsurgery.org/documents/news/statistics/2024/plastic-surgery-statistics-report-2024.pdf,ASPS official procedure/fee/regional extraction,2024,25,average_fee_range_midpoint,extracted,Loaded into data/asps_market_metrics.csv.,2026-06-20T16:34:53+08:00
data\commercial_sources\phase1_official_stats\asps_plastic_surgery_statistics\2024__cosmetic_procedure__2024-cosmetic-surgery-procedure-trends.pdf,https://www.plasticsurgery.org/documents/news/statistics/2024/cosmetic-procedure-trends-2024.pdf,ASPS official procedure/fee/regional extraction,2024,26,procedure_volume,extracted,Loaded into data/asps_market_metrics.csv.,2026-06-20T16:34:53+08:00
data\commercial_sources\phase1_official_stats\asps_plastic_surgery_statistics\2024__minimally_invasive__2024-minimally-invasive-procedure-trends.pdf,https://www.plasticsurgery.org/documents/news/statistics/2024/minimally-invasive-procedure-trends-2024.pdf,ASPS official procedure/fee/regional extraction,2024,12,procedure_volume,extracted,Loaded into data/asps_market_metrics.csv.,2026-06-20T16:34:53+08:00
data\commercial_sources\phase1_official_stats\asps_plastic_surgery_statistics\2024__reconstructive_procedure__2024-reconstructive-procedure-trends.pdf,https://www.plasticsurgery.org/documents/news/statistics/2024/reconstructive-procedure-trends-2024.pdf,ASPS official procedure/fee/regional extraction,2024,17,procedure_volume,extracted,Loaded into data/asps_market_metrics.csv.,2026-06-20T16:34:53+08:00
data\commercial_sources\phase1_official_stats\asps_plastic_surgery_statistics\2024__regional_distribution__procedures-by-region.pdf,https://www.plasticsurgery.org/documents/news/statistics/2024/cosmetic-procedures-regions-2024.pdf,ASPS official procedure/fee/regional extraction,2024,360,regional_procedure_share;regional_procedure_volume,extracted,Loaded into data/asps_market_metrics.csv.,2026-06-20T16:34:53+08:00
