source_id,source_org,source_page,source_page_title,link_text,url,canonical_url,year,artifact_type,topic,status,http_status,content_type,local_path,sha256,bytes,captured_at,note
aesthetic_society_statistics,The Aesthetic Society,https://www.theaestheticsociety.org/media/procedural-statistics,Aesthetic Society Procedural Statistics | The Aesthetic Society,1997 Aesthetic Plastic Surgery Statistics,https://cdn.theaestheticsociety.org/media/statistics/1997-TheAestheticSocietyStatistics.pdf,https://cdn.theaestheticsociety.org/media/statistics/1997-TheAestheticSocietyStatistics.pdf,,pdf,procedure_statistics,downloaded,,application/pdf,data\commercial_sources\phase1_official_stats\aesthetic_society_statistics\unknown-year__procedure_statistics__1997-aesthetic-plastic-surgery-statistics.pdf,348d1ff35301d1c7324ed4913e6fa3c2d751fa3a1d761fd10ccfc5b15c465c4b,531768,2026-06-20T02:58:17+08:00,
aesthetic_society_statistics,The Aesthetic Society,https://www.theaestheticsociety.org/media/procedural-statistics,Aesthetic Society Procedural Statistics | The Aesthetic Society,1998 Aesthetic Plastic Surgery Statistics,https://cdn.theaestheticsociety.org/media/statistics/1998-TheAestheticSocietyStatistics.pdf,https://cdn.theaestheticsociety.org/media/statistics/1998-TheAestheticSocietyStatistics.pdf,,pdf,procedure_statistics,downloaded,,application/pdf,data\commercial_sources\phase1_official_stats\aesthetic_society_statistics\unknown-year__procedure_statistics__1998-aesthetic-plastic-surgery-statistics.pdf,be02fdaaf813a90cad2596716c0acaf9906b7ea67aece162556f2a4360738d8b,611935,2026-06-20T02:58:15+08:00,
aesthetic_society_statistics,The Aesthetic Society,https://www.theaestheticsociety.org/media/procedural-statistics,Aesthetic Society Procedural Statistics | The Aesthetic Society,1999 Aesthetic Plastic Surgery Statistics,https://cdn.theaestheticsociety.org/media/statistics/1999-TheAestheticSocietyStatistics.pdf,https://cdn.theaestheticsociety.org/media/statistics/1999-TheAestheticSocietyStatistics.pdf,,pdf,procedure_statistics,downloaded,,application/pdf,data\commercial_sources\phase1_official_stats\aesthetic_society_statistics\unknown-year__procedure_statistics__1999-aesthetic-plastic-surgery-statistics.pdf,1845831fbe975dc03e07f98dd5386a23a3b486897e2201fe1a0ddc75e7914418,448549,2026-06-20T02:58:14+08:00,
aesthetic_society_statistics,The Aesthetic Society,https://www.theaestheticsociety.org/media/procedural-statistics,Aesthetic Society Procedural Statistics | The Aesthetic Society,Overview,https://www.theaestheticsociety.org/media/procedural-statistics,https://www.theaestheticsociety.org/media/procedural-statistics,,html_link,procedure_statistics,discovered,,,,,,,
aesthetic_society_statistics,The Aesthetic Society,https://www.theaestheticsociety.org/media/procedural-statistics,Aesthetic Society Procedural Statistics | The Aesthetic Society,Skip to main content,https://www.theaestheticsociety.org/media/procedural-statistics#main-content,https://www.theaestheticsociety.org/media/procedural-statistics,,html_link,procedure_statistics,discovered,,,,,,,
aesthetic_society_statistics,The Aesthetic Society,https://www.theaestheticsociety.org/media/procedural-statistics,Aesthetic Society Procedural Statistics | The Aesthetic Society,Create an account,https://www.theaestheticsociety.org/user/register?intended=/media/procedural-statistics,https://www.theaestheticsociety.org/user/register?intended=/media/procedural-statistics,,html_link,procedure_statistics,discovered,,,,,,,
aesthetic_society_statistics,The Aesthetic Society,https://www.theaestheticsociety.org/media/procedural-statistics,Aesthetic Society Procedural Statistics | The Aesthetic Society,2001 Aesthetic Plastic Surgery Statistics,https://cdn.theaestheticsociety.org/media/statistics/2001-TheAestheticSocietyStatistics.pdf,https://cdn.theaestheticsociety.org/media/statistics/2001-TheAestheticSocietyStatistics.pdf,2001,pdf,procedure_statistics,downloaded,,application/pdf,data\commercial_sources\phase1_official_stats\aesthetic_society_statistics\2001__procedure_statistics__2001-aesthetic-plastic-surgery-statistics.pdf,70972a8976580c390d7dbac2fd4484b1a2d84b037f1e18e02a0c0c7bb1c6940e,936687,2026-06-20T02:58:13+08:00,
aesthetic_society_statistics,The Aesthetic Society,https://www.theaestheticsociety.org/media/procedural-statistics,Aesthetic Society Procedural Statistics | The Aesthetic Society,2002 Aesthetic Plastic Surgery Statistics,https://cdn.theaestheticsociety.org/media/statistics/2002-TheAestheticSocietyStatistics.pdf,https://cdn.theaestheticsociety.org/media/statistics/2002-TheAestheticSocietyStatistics.pdf,2002,pdf,procedure_statistics,downloaded,,application/pdf,data\commercial_sources\phase1_official_stats\aesthetic_society_statistics\2002__procedure_statistics__2002-aesthetic-plastic-surgery-statistics.pdf,d89c4bf57474ce3c959314f52991972168e2ddb431a6a8a5462df8feacbbba78,948560,2026-06-20T02:58:11+08:00,
aesthetic_society_statistics,The Aesthetic Society,https://www.theaestheticsociety.org/media/procedural-statistics,Aesthetic Society Procedural Statistics | The Aesthetic Society,2003 Aesthetic Plastic Surgery Statistics,https://cdn.theaestheticsociety.org/media/statistics/2003-TheAestheticSocietyStatistics.pdf,https://cdn.theaestheticsociety.org/media/statistics/2003-TheAestheticSocietyStatistics.pdf,2003,pdf,procedure_statistics,downloaded,,application/pdf,data\commercial_sources\phase1_official_stats\aesthetic_society_statistics\2003__procedure_statistics__2003-aesthetic-plastic-surgery-statistics.pdf,fa0c0494c55f81d9879d34f02a1c0404c7d9a3e0cec672a4cf8c3174cb3d5ff6,383133,2026-06-20T02:58:10+08:00,
aesthetic_society_statistics,The Aesthetic Society,https://www.theaestheticsociety.org/media/procedural-statistics,Aesthetic Society Procedural Statistics | The Aesthetic Society,2004 Aesthetic Plastic Surgery Statistics,https://cdn.theaestheticsociety.org/media/statistics/2004-TheAestheticSocietyStatistics.pdf,https://cdn.theaestheticsociety.org/media/statistics/2004-TheAestheticSocietyStatistics.pdf,2004,pdf,procedure_statistics,downloaded,,application/pdf,data\commercial_sources\phase1_official_stats\aesthetic_society_statistics\2004__procedure_statistics__2004-aesthetic-plastic-surgery-statistics.pdf,b8d4bfd3df7a18430d4b9fb2f81e3263c5995d8d00db787656230ecb7faf1f1c,1863109,2026-06-20T02:58:09+08:00,
aesthetic_society_statistics,The Aesthetic Society,https://www.theaestheticsociety.org/media/procedural-statistics,Aesthetic Society Procedural Statistics | The Aesthetic Society,2005 Aesthetic Plastic Surgery Statistics,https://cdn.theaestheticsociety.org/media/statistics/2005-TheAestheticSocietyStatistics.pdf,https://cdn.theaestheticsociety.org/media/statistics/2005-TheAestheticSocietyStatistics.pdf,2005,pdf,procedure_statistics,downloaded,,application/pdf,data\commercial_sources\phase1_official_stats\aesthetic_society_statistics\2005__procedure_statistics__2005-aesthetic-plastic-surgery-statistics.pdf,a2ef52ad26cab303641839988dd2c2ab2ed0931eb493662d05e402a2af5ab0d5,1641638,2026-06-20T02:58:07+08:00,
aesthetic_society_statistics,The Aesthetic Society,https://www.theaestheticsociety.org/media/procedural-statistics,Aesthetic Society Procedural Statistics | The Aesthetic Society,2006 Aesthetic Plastic Surgery Statistics,https://cdn.theaestheticsociety.org/media/statistics/2006-TheAestheticSocietyStatistics.pdf,https://cdn.theaestheticsociety.org/media/statistics/2006-TheAestheticSocietyStatistics.pdf,2006,pdf,procedure_statistics,downloaded,,application/pdf,data\commercial_sources\phase1_official_stats\aesthetic_society_statistics\2006__procedure_statistics__2006-aesthetic-plastic-surgery-statistics.pdf,6610e7898aa880851a9fe934a5aa1df9e53b74bf40248bcd97291a116bd6996d,3337390,2026-06-20T02:58:06+08:00,
aesthetic_society_statistics,The Aesthetic Society,https://www.theaestheticsociety.org/media/procedural-statistics,Aesthetic Society Procedural Statistics | The Aesthetic Society,2007 Aesthetic Plastic Surgery Statistics,https://cdn.theaestheticsociety.org/media/statistics/2007-TheAestheticSocietyStatistics.pdf,https://cdn.theaestheticsociety.org/media/statistics/2007-TheAestheticSocietyStatistics.pdf,2007,pdf,procedure_statistics,downloaded,,application/pdf,data\commercial_sources\phase1_official_stats\aesthetic_society_statistics\2007__procedure_statistics__2007-aesthetic-plastic-surgery-statistics.pdf,2697a1a205bafd61b9d27ff0ff81d6bd21a143c7e68ddb1cc25d90f4e69ee38f,1674826,2026-06-20T02:58:04+08:00,
aesthetic_society_statistics,The Aesthetic Society,https://www.theaestheticsociety.org/media/procedural-statistics,Aesthetic Society Procedural Statistics | The Aesthetic Society,2008 Aesthetic Plastic Surgery Statistics,https://cdn.theaestheticsociety.org/media/statistics/2008-TheAestheticSocietyStatistics.pdf,https://cdn.theaestheticsociety.org/media/statistics/2008-TheAestheticSocietyStatistics.pdf,2008,pdf,procedure_statistics,downloaded,,application/pdf,data\commercial_sources\phase1_official_stats\aesthetic_society_statistics\2008__procedure_statistics__2008-aesthetic-plastic-surgery-statistics.pdf,94a29348e7df5221a9bef6954eed34125f13336ba127fed758d84b1e05e34d52,2184241,2026-06-20T02:58:03+08:00,
aesthetic_society_statistics,The Aesthetic Society,https://www.theaestheticsociety.org/media/procedural-statistics,Aesthetic Society Procedural Statistics | The Aesthetic Society,2009 Aesthetic Plastic Surgery Statistics,https://cdn.theaestheticsociety.org/media/statistics/2009-TheAestheticSocietyStatistics.pdf,https://cdn.theaestheticsociety.org/media/statistics/2009-TheAestheticSocietyStatistics.pdf,2009,pdf,procedure_statistics,downloaded,,application/pdf,data\commercial_sources\phase1_official_stats\aesthetic_society_statistics\2009__procedure_statistics__2009-aesthetic-plastic-surgery-statistics.pdf,bcaabc6375ed4c27d6ba295631eeee52e1fd648177bee603e27011243bb30d51,2591955,2026-06-20T02:58:01+08:00,
aesthetic_society_statistics,The Aesthetic Society,https://www.theaestheticsociety.org/media/procedural-statistics,Aesthetic Society Procedural Statistics | The Aesthetic Society,2010 Aesthetic Plastic Surgery Statistics,https://cdn.theaestheticsociety.org/media/statistics/2010-TheAestheticSocietyStatistics.pdf,https://cdn.theaestheticsociety.org/media/statistics/2010-TheAestheticSocietyStatistics.pdf,2010,pdf,procedure_statistics,downloaded,,application/pdf,data\commercial_sources\phase1_official_stats\aesthetic_society_statistics\2010__procedure_statistics__2010-aesthetic-plastic-surgery-statistics.pdf,119b161be68d00790d20e678af42eb365b4126c0b98d805fa325155754242c24,3976094,2026-06-20T02:57:59+08:00,
aesthetic_society_statistics,The Aesthetic Society,https://www.theaestheticsociety.org/media/procedural-statistics,Aesthetic Society Procedural Statistics | The Aesthetic Society,2011 Aesthetic Plastic Surgery Statistics,https://cdn.theaestheticsociety.org/media/statistics/2011-TheAestheticSocietyStatistics.pdf,https://cdn.theaestheticsociety.org/media/statistics/2011-TheAestheticSocietyStatistics.pdf,2011,pdf,procedure_statistics,downloaded,,application/pdf,data\commercial_sources\phase1_official_stats\aesthetic_society_statistics\2011__procedure_statistics__2011-aesthetic-plastic-surgery-statistics.pdf,47297e84c7cb5e49728cca78806c26039a0ca7e73383e6e23d581495ab1b4b1f,5346286,2026-06-20T02:57:58+08:00,
aesthetic_society_statistics,The Aesthetic Society,https://www.theaestheticsociety.org/media/procedural-statistics,Aesthetic Society Procedural Statistics | The Aesthetic Society,2012 Aesthetic Plastic Surgery Statistics,https://cdn.theaestheticsociety.org/media/statistics/2012-TheAestheticSocietyStatistics.pdf,https://cdn.theaestheticsociety.org/media/statistics/2012-TheAestheticSocietyStatistics.pdf,2012,pdf,procedure_statistics,downloaded,,application/pdf,data\commercial_sources\phase1_official_stats\aesthetic_society_statistics\2012__procedure_statistics__2012-aesthetic-plastic-surgery-statistics.pdf,7b76d7f5930a9be33b6a1049727c3356393f8f1411ffdeb461598c0fbe3a60c0,1141874,2026-06-20T02:57:56+08:00,
aesthetic_society_statistics,The Aesthetic Society,https://www.theaestheticsociety.org/media/procedural-statistics,Aesthetic Society Procedural Statistics | The Aesthetic Society,2013 Aesthetic Plastic Surgery Statistics,https://cdn.theaestheticsociety.org/media/statistics/2013-TheAestheticSocietyStatistics.pdf,https://cdn.theaestheticsociety.org/media/statistics/2013-TheAestheticSocietyStatistics.pdf,2013,pdf,procedure_statistics,downloaded,,application/pdf,data\commercial_sources\phase1_official_stats\aesthetic_society_statistics\2013__procedure_statistics__2013-aesthetic-plastic-surgery-statistics.pdf,390d29a5a4f394bfc16f17002c08459c8e6417444191a4f0b2df3f2e37e07ec1,1645325,2026-06-20T02:57:54+08:00,
aesthetic_society_statistics,The Aesthetic Society,https://www.theaestheticsociety.org/media/procedural-statistics,Aesthetic Society Procedural Statistics | The Aesthetic Society,2014 Aesthetic Plastic Surgery Statistics,https://cdn.theaestheticsociety.org/media/statistics/2014-TheAestheticSocietyStatistics.pdf,https://cdn.theaestheticsociety.org/media/statistics/2014-TheAestheticSocietyStatistics.pdf,2014,pdf,procedure_statistics,downloaded,,application/pdf,data\commercial_sources\phase1_official_stats\aesthetic_society_statistics\2014__procedure_statistics__2014-aesthetic-plastic-surgery-statistics.pdf,c385a34c30f35246b7cdbc801d3ac842bae4e00f2a7dd04c8f6352d3a10502b5,1133814,2026-06-20T02:57:53+08:00,
aesthetic_society_statistics,The Aesthetic Society,https://www.theaestheticsociety.org/media/procedural-statistics,Aesthetic Society Procedural Statistics | The Aesthetic Society,2015 Aesthetic Plastic Surgery Statistics,https://cdn.theaestheticsociety.org/media/statistics/2015-TheAestheticSocietyStatistics.pdf,https://cdn.theaestheticsociety.org/media/statistics/2015-TheAestheticSocietyStatistics.pdf,2015,pdf,procedure_statistics,downloaded,,application/pdf,data\commercial_sources\phase1_official_stats\aesthetic_society_statistics\2015__procedure_statistics__2015-aesthetic-plastic-surgery-statistics.pdf,142fc5c30f939adc184f10e2082c0a376064f7770644f16d77e87e7245a7d1a3,1165112,2026-06-20T02:57:51+08:00,
aesthetic_society_statistics,The Aesthetic Society,https://www.theaestheticsociety.org/media/procedural-statistics,Aesthetic Society Procedural Statistics | The Aesthetic Society,2016 Aesthetic Plastic Surgery Statistics,https://cdn.theaestheticsociety.org/media/statistics/2016-TheAestheticSocietyStatistics.pdf,https://cdn.theaestheticsociety.org/media/statistics/2016-TheAestheticSocietyStatistics.pdf,2016,pdf,procedure_statistics,downloaded,,application/pdf,data\commercial_sources\phase1_official_stats\aesthetic_society_statistics\2016__procedure_statistics__2016-aesthetic-plastic-surgery-statistics.pdf,4c42651ed2523a2ed1242a7ce2ad536c70cb5740e3f2be97a0f6e8c3fd59c6e0,1192711,2026-06-20T02:57:50+08:00,
aesthetic_society_statistics,The Aesthetic Society,https://www.theaestheticsociety.org/media/procedural-statistics,Aesthetic Society Procedural Statistics | The Aesthetic Society,2017 Aesthetic Plastic Surgery Statistics,https://cdn.theaestheticsociety.org/media/statistics/2017-TheAestheticSocietyStatistics.pdf,https://cdn.theaestheticsociety.org/media/statistics/2017-TheAestheticSocietyStatistics.pdf,2017,pdf,procedure_statistics,downloaded,,application/pdf,data\commercial_sources\phase1_official_stats\aesthetic_society_statistics\2017__procedure_statistics__2017-aesthetic-plastic-surgery-statistics.pdf,f946a61828cb033a1b1decce588de0b5b7cea08f66a5068127b20591b42f0603,1372631,2026-06-20T02:57:48+08:00,
aesthetic_society_statistics,The Aesthetic Society,https://www.theaestheticsociety.org/media/procedural-statistics,Aesthetic Society Procedural Statistics | The Aesthetic Society,2018 Aesthetic Plastic Surgery Statistics,https://cdn.theaestheticsociety.org/media/statistics/2018-TheAestheticSocietyStatistics.pdf,https://cdn.theaestheticsociety.org/media/statistics/2018-TheAestheticSocietyStatistics.pdf,2018,pdf,procedure_statistics,downloaded,,application/pdf,data\commercial_sources\phase1_official_stats\aesthetic_society_statistics\2018__procedure_statistics__2018-aesthetic-plastic-surgery-statistics.pdf,89855e822897e91e825970b963fcda8e7f34feb4b946e223a1efbf1d61af776e,1167426,2026-06-20T02:57:47+08:00,
aesthetic_society_statistics,The Aesthetic Society,https://www.theaestheticsociety.org/media/procedural-statistics,Aesthetic Society Procedural Statistics | The Aesthetic Society,2019 Aesthetic Plastic Surgery Statistics,https://cdn.theaestheticsociety.org/media/statistics/2019-TheAestheticSocietyStatistics.pdf,https://cdn.theaestheticsociety.org/media/statistics/2019-TheAestheticSocietyStatistics.pdf,2019,pdf,procedure_statistics,downloaded,,application/pdf,data\commercial_sources\phase1_official_stats\aesthetic_society_statistics\2019__procedure_statistics__2019-aesthetic-plastic-surgery-statistics.pdf,65aa778fe3168e2ebb11cdfa9ef8016c06f3cfaa260ed091cea36be5e7ef7b59,1218921,2026-06-20T02:57:45+08:00,
aesthetic_society_statistics,The Aesthetic Society,https://www.theaestheticsociety.org/media/procedural-statistics,Aesthetic Society Procedural Statistics | The Aesthetic Society,2020-2021 Aesthetic Plastic Surgery Statistics,https://cdn.theaestheticsociety.org/media/statistics/2021-TheAestheticSocietyStatistics.pdf,https://cdn.theaestheticsociety.org/media/statistics/2021-TheAestheticSocietyStatistics.pdf,2020-2021,pdf,procedure_statistics,downloaded,,application/pdf,data\commercial_sources\phase1_official_stats\aesthetic_society_statistics\2020-2021__procedure_statistics__2020-2021-aesthetic-plastic-surgery-statistics.pdf,11dccfe133285b69e1923cc126174bdd4858f6937067b3cc027c21374fd5c160,4620153,2026-06-20T02:57:44+08:00,
aesthetic_society_statistics,The Aesthetic Society,https://www.theaestheticsociety.org/media/procedural-statistics,Aesthetic Society Procedural Statistics | The Aesthetic Society,2022 Aesthetic Plastic Surgery Statistics,https://cdn.theaestheticsociety.org/media/statistics/2022-TheAestheticSocietyStatistics.pdf,https://cdn.theaestheticsociety.org/media/statistics/2022-TheAestheticSocietyStatistics.pdf,2022,pdf,procedure_statistics,downloaded,,application/pdf,data\commercial_sources\phase1_official_stats\aesthetic_society_statistics\2022__procedure_statistics__2022-aesthetic-plastic-surgery-statistics.pdf,4daa6795ed77811999995fb589db5de61425954f1834d307566d8a84f43504b5,4803576,2026-06-20T02:57:42+08:00,
aesthetic_society_statistics,The Aesthetic Society,https://www.theaestheticsociety.org/media/procedural-statistics,Aesthetic Society Procedural Statistics | The Aesthetic Society,,https://cdn.theaestheticsociety.org/media/statistics/2023-TheAestheticSocietyStatistics.pdf,https://cdn.theaestheticsociety.org/media/statistics/2023-TheAestheticSocietyStatistics.pdf,2023,pdf,procedure_statistics,downloaded,,application/pdf,data\commercial_sources\phase1_official_stats\aesthetic_society_statistics\2023__procedure_statistics__2023-theaestheticsocietystatistics.pdf,394bb097b564887a3ef5443ed561a0fbcd82a2bdd5a303f698c6aaf9b689dfc4,595661,2026-06-20T02:57:40+08:00,
aesthetic_society_statistics,The Aesthetic Society,https://www.theaestheticsociety.org/media/procedural-statistics,Aesthetic Society Procedural Statistics | The Aesthetic Society,Aesthetic Plastic Surgery Stats - 2023 [PDF],https://cdn.theaestheticsociety.org/media/statistics/2023-TheAestheticSocietyStatistics.pdf,https://cdn.theaestheticsociety.org/media/statistics/2023-TheAestheticSocietyStatistics.pdf,2023,pdf,procedure_statistics,downloaded,,application/pdf,data\commercial_sources\phase1_official_stats\aesthetic_society_statistics\2023__procedure_statistics__aesthetic-plastic-surgery-stats---2023-pdf.pdf,394bb097b564887a3ef5443ed561a0fbcd82a2bdd5a303f698c6aaf9b689dfc4,595661,2026-06-20T02:57:39+08:00,
asps_plastic_surgery_statistics,ASPS,https://www.plasticsurgery.org/news/plastic-surgery-statistics,Plastic Surgery Statistics | American Society of Plastic Surgeons,,https://www.plasticsurgery.org/news/plastic-surgery-statistics,https://www.plasticsurgery.org/news/plastic-surgery-statistics,,html_year_page,procedure_statistics,discovered,,,,,,,
asps_plastic_surgery_statistics,ASPS,https://www.plasticsurgery.org/news/plastic-surgery-statistics,Plastic Surgery Statistics | American Society of Plastic Surgeons,Account Dashboard,https://www.plasticsurgery.org/news/plastic-surgery-statistics,https://www.plasticsurgery.org/news/plastic-surgery-statistics,,html_year_page,procedure_statistics,discovered,,,,,,,
asps_plastic_surgery_statistics,ASPS,https://www.plasticsurgery.org/news/plastic-surgery-statistics,Plastic Surgery Statistics | American Society of Plastic Surgeons,Plastic Surgery Statistics,https://www.plasticsurgery.org/news/plastic-surgery-statistics,https://www.plasticsurgery.org/news/plastic-surgery-statistics,,html_year_page,procedure_statistics,discovered,,,,,,,
asps_plastic_surgery_statistics,ASPS,https://www.plasticsurgery.org/news/plastic-surgery-statistics?sub=2020+Plastic+Surgery+Statistics,2020 Plastic Surgery Statistics | American Society of Plastic Surgeons,2000/2019/2020 National Cosmetic Procedures,https://www.plasticsurgery.org/documents/news/statistics/2020/cosmetic-procedure-trends-2020.pdf,https://www.plasticsurgery.org/documents/news/statistics/2020/cosmetic-procedure-trends-2020.pdf,2000-2019,pdf,cosmetic_procedure,downloaded,,application/pdf,data\commercial_sources\phase1_official_stats\asps_plastic_surgery_statistics\2000-2019__cosmetic_procedure__2000-2019-2020-national-cosmetic-procedures.pdf,1f35645bd04e0b543588818da63e2298db94f1cd2d33bbd32d885cded1a2a870,266303,2026-06-20T02:56:35+08:00,
asps_plastic_surgery_statistics,ASPS,https://www.plasticsurgery.org/news/plastic-surgery-statistics?sub=2020+Plastic+Surgery+Statistics,2020 Plastic Surgery Statistics | American Society of Plastic Surgeons,2000/2019/2020 National Reconstructive Procedures,https://www.plasticsurgery.org/documents/news/statistics/2020/reconstructive-procedure-trends-2020.pdf,https://www.plasticsurgery.org/documents/news/statistics/2020/reconstructive-procedure-trends-2020.pdf,2000-2019,pdf,reconstructive_procedure,downloaded,,application/pdf,data\commercial_sources\phase1_official_stats\asps_plastic_surgery_statistics\2000-2019__reconstructive_procedure__2000-2019-2020-national-reconstructive-procedures.pdf,c13286704ec06c265801833f04af6979277a009867ded39c4e892ee6d1c86b2c,276195,2026-06-20T02:56:36+08:00,
asps_plastic_surgery_statistics,ASPS,https://www.plasticsurgery.org/news/plastic-surgery-statistics,Plastic Surgery Statistics | American Society of Plastic Surgeons,2005 Plastic Surgery Statistics,https://www.plasticsurgery.org/news/plastic-surgery-statistics?sub=2005+Plastic+Surgery+Statistics,https://www.plasticsurgery.org/news/plastic-surgery-statistics?sub=2005+Plastic+Surgery+Statistics,2005,html_year_page,procedure_statistics,discovered,,,,,,,
asps_plastic_surgery_statistics,ASPS,https://www.plasticsurgery.org/news/plastic-surgery-statistics,Plastic Surgery Statistics | American Society of Plastic Surgeons,2006 Plastic Surgery Statistics,https://www.plasticsurgery.org/news/plastic-surgery-statistics?sub=2006+Plastic+Surgery+Statistics,https://www.plasticsurgery.org/news/plastic-surgery-statistics?sub=2006+Plastic+Surgery+Statistics,2006,html_year_page,procedure_statistics,discovered,,,,,,,
asps_plastic_surgery_statistics,ASPS,https://www.plasticsurgery.org/news/plastic-surgery-statistics,Plastic Surgery Statistics | American Society of Plastic Surgeons,2007 Plastic Surgery Statistics,https://www.plasticsurgery.org/news/plastic-surgery-statistics?sub=2007+Plastic+Surgery+Statistics,https://www.plasticsurgery.org/news/plastic-surgery-statistics?sub=2007+Plastic+Surgery+Statistics,2007,html_year_page,procedure_statistics,discovered,,,,,,,
asps_plastic_surgery_statistics,ASPS,https://www.plasticsurgery.org/news/plastic-surgery-statistics,Plastic Surgery Statistics | American Society of Plastic Surgeons,2008 Plastic Surgery Statistics,https://www.plasticsurgery.org/news/plastic-surgery-statistics?sub=2008+Plastic+Surgery+Statistics,https://www.plasticsurgery.org/news/plastic-surgery-statistics?sub=2008+Plastic+Surgery+Statistics,2008,html_year_page,procedure_statistics,discovered,,,,,,,
asps_plastic_surgery_statistics,ASPS,https://www.plasticsurgery.org/news/plastic-surgery-statistics,Plastic Surgery Statistics | American Society of Plastic Surgeons,2009 Plastic Surgery Statistics,https://www.plasticsurgery.org/news/plastic-surgery-statistics?sub=2009+Plastic+Surgery+Statistics,https://www.plasticsurgery.org/news/plastic-surgery-statistics?sub=2009+Plastic+Surgery+Statistics,2009,html_year_page,procedure_statistics,discovered,,,,,,,
asps_plastic_surgery_statistics,ASPS,https://www.plasticsurgery.org/news/plastic-surgery-statistics,Plastic Surgery Statistics | American Society of Plastic Surgeons,2010 Plastic Surgery Statistics,https://www.plasticsurgery.org/news/plastic-surgery-statistics?sub=2010+Plastic+Surgery+Statistics,https://www.plasticsurgery.org/news/plastic-surgery-statistics?sub=2010+Plastic+Surgery+Statistics,2010,html_year_page,procedure_statistics,discovered,,,,,,,
asps_plastic_surgery_statistics,ASPS,https://www.plasticsurgery.org/news/plastic-surgery-statistics,Plastic Surgery Statistics | American Society of Plastic Surgeons,2011 Plastic Surgery Statistics,https://www.plasticsurgery.org/news/plastic-surgery-statistics?sub=2011+Plastic+Surgery+Statistics,https://www.plasticsurgery.org/news/plastic-surgery-statistics?sub=2011+Plastic+Surgery+Statistics,2011,html_year_page,procedure_statistics,discovered,,,,,,,
asps_plastic_surgery_statistics,ASPS,https://www.plasticsurgery.org/news/plastic-surgery-statistics,Plastic Surgery Statistics | American Society of Plastic Surgeons,2012 Plastic Surgery Statistics,https://www.plasticsurgery.org/news/plastic-surgery-statistics?sub=2012+Plastic+Surgery+Statistics,https://www.plasticsurgery.org/news/plastic-surgery-statistics?sub=2012+Plastic+Surgery+Statistics,2012,html_year_page,procedure_statistics,discovered,,,,,,,
asps_plastic_surgery_statistics,ASPS,https://www.plasticsurgery.org/news/plastic-surgery-statistics,Plastic Surgery Statistics | American Society of Plastic Surgeons,2013 Plastic Surgery Statistics,https://www.plasticsurgery.org/news/plastic-surgery-statistics?sub=2013+Plastic+Surgery+Statistics,https://www.plasticsurgery.org/news/plastic-surgery-statistics?sub=2013+Plastic+Surgery+Statistics,2013,html_year_page,procedure_statistics,discovered,,,,,,,
asps_plastic_surgery_statistics,ASPS,https://www.plasticsurgery.org/news/plastic-surgery-statistics,Plastic Surgery Statistics | American Society of Plastic Surgeons,2014 Plastic Surgery Statistics,https://www.plasticsurgery.org/news/plastic-surgery-statistics?sub=2014+Plastic+Surgery+Statistics,https://www.plasticsurgery.org/news/plastic-surgery-statistics?sub=2014+Plastic+Surgery+Statistics,2014,html_year_page,procedure_statistics,discovered,,,,,,,
asps_plastic_surgery_statistics,ASPS,https://www.plasticsurgery.org/news/plastic-surgery-statistics,Plastic Surgery Statistics | American Society of Plastic Surgeons,2015 Plastic Surgery Statistics,https://www.plasticsurgery.org/news/plastic-surgery-statistics?sub=2015+Plastic+Surgery+Statistics,https://www.plasticsurgery.org/news/plastic-surgery-statistics?sub=2015+Plastic+Surgery+Statistics,2015,html_year_page,procedure_statistics,discovered,,,,,,,
asps_plastic_surgery_statistics,ASPS,https://www.plasticsurgery.org/news/plastic-surgery-statistics,Plastic Surgery Statistics | American Society of Plastic Surgeons,2016 Plastic Surgery Statistics,https://www.plasticsurgery.org/news/plastic-surgery-statistics?sub=2016+Plastic+Surgery+Statistics,https://www.plasticsurgery.org/news/plastic-surgery-statistics?sub=2016+Plastic+Surgery+Statistics,2016,html_year_page,procedure_statistics,discovered,,,,,,,
asps_plastic_surgery_statistics,ASPS,https://www.plasticsurgery.org/news/plastic-surgery-statistics,Plastic Surgery Statistics | American Society of Plastic Surgeons,2017 Plastic Surgery Statistics,https://www.plasticsurgery.org/news/plastic-surgery-statistics?sub=2017+Plastic+Surgery+Statistics,https://www.plasticsurgery.org/news/plastic-surgery-statistics?sub=2017+Plastic+Surgery+Statistics,2017,html_year_page,procedure_statistics,discovered,,,,,,,
asps_plastic_surgery_statistics,ASPS,https://www.plasticsurgery.org/news/plastic-surgery-statistics,Plastic Surgery Statistics | American Society of Plastic Surgeons,2018 Plastic Surgery Statistics,https://www.plasticsurgery.org/news/plastic-surgery-statistics?sub=2018+Plastic+Surgery+Statistics,https://www.plasticsurgery.org/news/plastic-surgery-statistics?sub=2018+Plastic+Surgery+Statistics,2018,html_year_page,procedure_statistics,discovered,,,,,,,
asps_plastic_surgery_statistics,ASPS,https://www.plasticsurgery.org/news/plastic-surgery-statistics?sub=2020+Plastic+Surgery+Statistics,2020 Plastic Surgery Statistics | American Society of Plastic Surgeons,,https://www.plasticsurgery.org/news/plastic-surgery-statistics?sub=2019+Plastic+Surgery+Statistics,https://www.plasticsurgery.org/news/plastic-surgery-statistics?sub=2019+Plastic+Surgery+Statistics,2019,html_year_page,procedure_statistics,discovered,,,,,,,
asps_plastic_surgery_statistics,ASPS,https://www.plasticsurgery.org/news/plastic-surgery-statistics,Plastic Surgery Statistics | American Society of Plastic Surgeons,2019 Plastic Surgery Statistics,https://www.plasticsurgery.org/news/plastic-surgery-statistics?sub=2019+Plastic+Surgery+Statistics,https://www.plasticsurgery.org/news/plastic-surgery-statistics?sub=2019+Plastic+Surgery+Statistics,2019,html_year_page,procedure_statistics,discovered,,,,,,,
asps_plastic_surgery_statistics,ASPS,https://www.plasticsurgery.org/news/plastic-surgery-statistics?sub=2022+Plastic+Surgery+Statistics,2022 Plastic Surgery Statistics | American Society of Plastic Surgeons,2019/2022 National Cosmetic Procedures,https://www.plasticsurgery.org/documents/news/statistics/2022/cosmetic-procedure-trends-2022.pdf,https://www.plasticsurgery.org/documents/news/statistics/2022/cosmetic-procedure-trends-2022.pdf,2019-2022,pdf,cosmetic_procedure,downloaded,,application/pdf,data\commercial_sources\phase1_official_stats\asps_plastic_surgery_statistics\2019-2022__cosmetic_procedure__2019-2022-national-cosmetic-procedures.pdf,b0e316bff851d3745a4b4d92e7d9074e550c0480092b9a8759c3d629fc68b8dc,106913,2026-06-20T02:56:57+08:00,
asps_plastic_surgery_statistics,ASPS,https://www.plasticsurgery.org/news/plastic-surgery-statistics?sub=2022+Plastic+Surgery+Statistics,2022 Plastic Surgery Statistics | American Society of Plastic Surgeons,2019/2022 National Minimally Invasive Procedures,https://www.plasticsurgery.org/documents/news/statistics/2022/minimally-invasive-procedure-trends-2022.pdf,https://www.plasticsurgery.org/documents/news/statistics/2022/minimally-invasive-procedure-trends-2022.pdf,2019-2022,pdf,minimally_invasive,downloaded,,application/pdf,data\commercial_sources\phase1_official_stats\asps_plastic_surgery_statistics\2019-2022__minimally_invasive__2019-2022-national-minimally-invasive-procedures.pdf,29cc4c72aa872df16bc479d838f26f7222d56c70a6e225d3192ce7b2061137af,120962,2026-06-20T02:56:58+08:00,
asps_plastic_surgery_statistics,ASPS,https://www.plasticsurgery.org/news/plastic-surgery-statistics?sub=2022+Plastic+Surgery+Statistics,2022 Plastic Surgery Statistics | American Society of Plastic Surgeons,2019/2022 National Reconstructive Procedures,https://www.plasticsurgery.org/documents/news/statistics/2022/reconstructive-procedure-trends-2022.pdf,https://www.plasticsurgery.org/documents/news/statistics/2022/reconstructive-procedure-trends-2022.pdf,2019-2022,pdf,reconstructive_procedure,downloaded,,application/pdf,data\commercial_sources\phase1_official_stats\asps_plastic_surgery_statistics\2019-2022__reconstructive_procedure__2019-2022-national-reconstructive-procedures.pdf,69592b83248d016a20aeb14be2f2a55699acb9ac79b2c421f8665cd03346498e,120455,2026-06-20T02:56:58+08:00,
asps_plastic_surgery_statistics,ASPS,https://www.plasticsurgery.org/news/plastic-surgery-statistics?sub=2020+Plastic+Surgery+Statistics,2020 Plastic Surgery Statistics | American Society of Plastic Surgeons,Cosmetic Patients (13-19),https://www.plasticsurgery.org/documents/news/statistics/2020/cosmetic-procedures-ages-13-19-2020.pdf,https://www.plasticsurgery.org/documents/news/statistics/2020/cosmetic-procedures-ages-13-19-2020.pdf,2020,pdf,age_distribution,downloaded,,application/pdf,data\commercial_sources\phase1_official_stats\asps_plastic_surgery_statistics\2020__age_distribution__cosmetic-patients-13-19.pdf,a5552b8306ba8d3bab30fd345e9c50a2e09375b5831b993476f319496f691197,272988,2026-06-20T02:56:43+08:00,
asps_plastic_surgery_statistics,ASPS,https://www.plasticsurgery.org/news/plastic-surgery-statistics?sub=2020+Plastic+Surgery+Statistics,2020 Plastic Surgery Statistics | American Society of Plastic Surgeons,Cosmetic Patients (20-29),https://www.plasticsurgery.org/documents/news/statistics/2020/cosmetic-procedures-ages-20-29-2020.pdf,https://www.plasticsurgery.org/documents/news/statistics/2020/cosmetic-procedures-ages-20-29-2020.pdf,2020,pdf,age_distribution,downloaded,,application/pdf,data\commercial_sources\phase1_official_stats\asps_plastic_surgery_statistics\2020__age_distribution__cosmetic-patients-20-29.pdf,b342c5f1e1c753003b9cd050d718fad8425bccdceeed75197d082124394ae7a1,273442,2026-06-20T02:56:45+08:00,
asps_plastic_surgery_statistics,ASPS,https://www.plasticsurgery.org/news/plastic-surgery-statistics?sub=2020+Plastic+Surgery+Statistics,2020 Plastic Surgery Statistics | American Society of Plastic Surgeons,Cosmetic Patients (30-39),https://www.plasticsurgery.org/documents/news/statistics/2020/cosmetic-procedures-ages-30-39-2020.pdf,https://www.plasticsurgery.org/documents/news/statistics/2020/cosmetic-procedures-ages-30-39-2020.pdf,2020,pdf,age_distribution,downloaded,,application/pdf,data\commercial_sources\phase1_official_stats\asps_plastic_surgery_statistics\2020__age_distribution__cosmetic-patients-30-39.pdf,040da3127a0a1df1259b6f2b596faa3b21a6e10b1492017f4d9fa6838693222e,273674,2026-06-20T02:56:46+08:00,
asps_plastic_surgery_statistics,ASPS,https://www.plasticsurgery.org/news/plastic-surgery-statistics?sub=2020+Plastic+Surgery+Statistics,2020 Plastic Surgery Statistics | American Society of Plastic Surgeons,Cosmetic Patients (40-54),https://www.plasticsurgery.org/documents/news/statistics/2020/cosmetic-procedures-ages-40-54-2020.pdf,https://www.plasticsurgery.org/documents/news/statistics/2020/cosmetic-procedures-ages-40-54-2020.pdf,2020,pdf,age_distribution,downloaded,,application/pdf,data\commercial_sources\phase1_official_stats\asps_plastic_surgery_statistics\2020__age_distribution__cosmetic-patients-40-54.pdf,abc45ab0759d35e92bb2caca04639aab5c2047aebf0d4283d62d896ac5590633,273362,2026-06-20T02:56:47+08:00,
asps_plastic_surgery_statistics,ASPS,https://www.plasticsurgery.org/news/plastic-surgery-statistics?sub=2020+Plastic+Surgery+Statistics,2020 Plastic Surgery Statistics | American Society of Plastic Surgeons,Cosmetic Patients (55-69),https://www.plasticsurgery.org/documents/news/statistics/2020/cosmetic-procedures-ages-55-69-2020.pdf,https://www.plasticsurgery.org/documents/news/statistics/2020/cosmetic-procedures-ages-55-69-2020.pdf,2020,pdf,age_distribution,downloaded,,application/pdf,data\commercial_sources\phase1_official_stats\asps_plastic_surgery_statistics\2020__age_distribution__cosmetic-patients-55-69.pdf,62b3c5b8fb34ebfa023715d26bb01f4896bfe179c55684be087dca0ef9530e55,277682,2026-06-20T02:56:48+08:00,
asps_plastic_surgery_statistics,ASPS,https://www.plasticsurgery.org/news/plastic-surgery-statistics?sub=2020+Plastic+Surgery+Statistics,2020 Plastic Surgery Statistics | American Society of Plastic Surgeons,Cosmetic Patients (70+),https://www.plasticsurgery.org/documents/news/statistics/2020/cosmetic-procedures-ages-70-over-2020.pdf,https://www.plasticsurgery.org/documents/news/statistics/2020/cosmetic-procedures-ages-70-over-2020.pdf,2020,pdf,age_distribution,downloaded,,application/pdf,data\commercial_sources\phase1_official_stats\asps_plastic_surgery_statistics\2020__age_distribution__cosmetic-patients-70.pdf,cff7fff88dba215adc67e59414f1da75c2f58b54bff95d32853b2cfa30af6ea4,273512,2026-06-20T02:56:49+08:00,
asps_plastic_surgery_statistics,ASPS,https://www.plasticsurgery.org/news/plastic-surgery-statistics?sub=2020+Plastic+Surgery+Statistics,2020 Plastic Surgery Statistics | American Society of Plastic Surgeons,Reconstructive Breast Procedures (by age),https://www.plasticsurgery.org/documents/news/statistics/2020/reconstructive-breast-procedures-age-2020.pdf,https://www.plasticsurgery.org/documents/news/statistics/2020/reconstructive-breast-procedures-age-2020.pdf,2020,pdf,age_distribution,downloaded,,application/pdf,data\commercial_sources\phase1_official_stats\asps_plastic_surgery_statistics\2020__age_distribution__reconstructive-breast-procedures-by-age.pdf,e60d149a8ee50cd6a2e9c6f05c55aa2ed355351e21113a23aa030056daf6fe10,273087,2026-06-20T02:56:50+08:00,
asps_plastic_surgery_statistics,ASPS,https://www.plasticsurgery.org/news/plastic-surgery-statistics?sub=2020+Plastic+Surgery+Statistics,2020 Plastic Surgery Statistics | American Society of Plastic Surgeons,Average Surgeon Fees,https://www.plasticsurgery.org/documents/news/statistics/2020/cosmetic-procedures-average-cost-2020.pdf,https://www.plasticsurgery.org/documents/news/statistics/2020/cosmetic-procedures-average-cost-2020.pdf,2020,pdf,average_fee,downloaded,,application/pdf,data\commercial_sources\phase1_official_stats\asps_plastic_surgery_statistics\2020__average_fee__average-surgeon-fees.pdf,42624ecd534682e3e43e18a798308c08920220fdc22aca51295df837d0cc0764,334475,2026-06-20T02:56:40+08:00,
asps_plastic_surgery_statistics,ASPS,https://www.plasticsurgery.org/news/plastic-surgery-statistics?sub=2020+Plastic+Surgery+Statistics,2020 Plastic Surgery Statistics | American Society of Plastic Surgeons,Procedures by Ethnicity,https://www.plasticsurgery.org/documents/news/statistics/2020/cosmetic-procedures-ethnicity-2020.pdf,https://www.plasticsurgery.org/documents/news/statistics/2020/cosmetic-procedures-ethnicity-2020.pdf,2020,pdf,cosmetic_procedure,downloaded,,application/pdf,data\commercial_sources\phase1_official_stats\asps_plastic_surgery_statistics\2020__cosmetic_procedure__procedures-by-ethnicity.pdf,9f39669548e4d65591ea04baa235d3fc592a8bede2eaf41b11faeffd073c71b9,274473,2026-06-20T02:56:39+08:00,
asps_plastic_surgery_statistics,ASPS,https://www.plasticsurgery.org/news/plastic-surgery-statistics?sub=2020+Plastic+Surgery+Statistics,2020 Plastic Surgery Statistics | American Society of Plastic Surgeons,Top 5 Cosmetic Surgical Procedures,https://www.plasticsurgery.org/documents/news/statistics/2020/top-five-cosmetic-plastic-surgery-procedures-2020.pdf,https://www.plasticsurgery.org/documents/news/statistics/2020/top-five-cosmetic-plastic-surgery-procedures-2020.pdf,2020,pdf,cosmetic_procedure,downloaded,,application/pdf,data\commercial_sources\phase1_official_stats\asps_plastic_surgery_statistics\2020__cosmetic_procedure__top-5-cosmetic-surgical-procedures.pdf,bd8e350efd6256e14128f139be0ad55c7979412cceb297046601fed731598cb7,220702,2026-06-20T02:56:37+08:00,
asps_plastic_surgery_statistics,ASPS,https://www.plasticsurgery.org/news/plastic-surgery-statistics?sub=2020+Plastic+Surgery+Statistics,2020 Plastic Surgery Statistics | American Society of Plastic Surgeons,Cosmetic Surgery in Males,https://www.plasticsurgery.org/documents/news/statistics/2020/cosmetic-procedures-men-2020.pdf,https://www.plasticsurgery.org/documents/news/statistics/2020/cosmetic-procedures-men-2020.pdf,2020,pdf,gender_distribution,downloaded,,application/pdf,data\commercial_sources\phase1_official_stats\asps_plastic_surgery_statistics\2020__gender_distribution__cosmetic-surgery-in-males.pdf,b157e69adb7d2819e2c1d12b35a444de7c5abd9eb95b387bbf58ce0f0fd50e2d,315899,2026-06-20T02:56:52+08:00,
asps_plastic_surgery_statistics,ASPS,https://www.plasticsurgery.org/news/plastic-surgery-statistics?sub=2020+Plastic+Surgery+Statistics,2020 Plastic Surgery Statistics | American Society of Plastic Surgeons,Cosmetic Surgery in Females,https://www.plasticsurgery.org/documents/news/statistics/2020/cosmetic-procedures-women-2020.pdf,https://www.plasticsurgery.org/documents/news/statistics/2020/cosmetic-procedures-women-2020.pdf,2020,pdf,gender_distribution,downloaded,,application/pdf,data\commercial_sources\phase1_official_stats\asps_plastic_surgery_statistics\2020__gender_distribution__cosmetic-surgery-in-females.pdf,d158017bfaf725bdafb043391983cb49b014408f3a1ff5b3c35b75b22136432d,309167,2026-06-20T02:56:51+08:00,
asps_plastic_surgery_statistics,ASPS,https://www.plasticsurgery.org/news/plastic-surgery-statistics?sub=2020+Plastic+Surgery+Statistics,2020 Plastic Surgery Statistics | American Society of Plastic Surgeons,Body Contouring / Gender Confirmation Surgery,https://www.plasticsurgery.org/documents/news/statistics/2020/body-contouring-gender-confirmation-2020.pdf,https://www.plasticsurgery.org/documents/news/statistics/2020/body-contouring-gender-confirmation-2020.pdf,2020,pdf,procedure_statistics,downloaded,,application/pdf,data\commercial_sources\phase1_official_stats\asps_plastic_surgery_statistics\2020__procedure_statistics__body-contouring-gender-confirmation-surgery.pdf,3e13904c2f852396e66c02477188ba6fee5d44e02c07c5b7d5ba3f47c0280351,270479,2026-06-20T02:56:41+08:00,
asps_plastic_surgery_statistics,ASPS,https://www.plasticsurgery.org/news/plastic-surgery-statistics?sub=2020+Plastic+Surgery+Statistics,2020 Plastic Surgery Statistics | American Society of Plastic Surgeons,2020 Plastic Surgery Statistics Report,https://www.plasticsurgery.org/documents/news/statistics/2020/plastic-surgery-statistics-full-report-2020.pdf,https://www.plasticsurgery.org/documents/news/statistics/2020/plastic-surgery-statistics-full-report-2020.pdf,2020,pdf,procedure_statistics,downloaded,,application/pdf,data\commercial_sources\phase1_official_stats\asps_plastic_surgery_statistics\2020__procedure_statistics__2020-plastic-surgery-statistics-report.pdf,ddbf1a02922b42fbb5975d57f079e4f883eeaac870546b83f04a16ad1974bb47,1790704,2026-06-20T02:56:33+08:00,
asps_plastic_surgery_statistics,ASPS,https://www.plasticsurgery.org/news/plastic-surgery-statistics?sub=2020+Plastic+Surgery+Statistics,2020 Plastic Surgery Statistics | American Society of Plastic Surgeons,,https://www.plasticsurgery.org/news/plastic-surgery-statistics?sub=2020+Plastic+Surgery+Statistics,https://www.plasticsurgery.org/news/plastic-surgery-statistics?sub=2020+Plastic+Surgery+Statistics,2020,html_year_page,procedure_statistics,discovered,,,,,,,
asps_plastic_surgery_statistics,ASPS,https://www.plasticsurgery.org/news/plastic-surgery-statistics,Plastic Surgery Statistics | American Society of Plastic Surgeons,2020 Plastic Surgery Statistics,https://www.plasticsurgery.org/news/plastic-surgery-statistics?sub=2020+Plastic+Surgery+Statistics,https://www.plasticsurgery.org/news/plastic-surgery-statistics?sub=2020+Plastic+Surgery+Statistics,2020,html_year_page,procedure_statistics,discovered,,,,,,,
asps_plastic_surgery_statistics,ASPS,https://www.plasticsurgery.org/news/plastic-surgery-statistics?sub=2020+Plastic+Surgery+Statistics,2020 Plastic Surgery Statistics | American Society of Plastic Surgeons,Account Dashboard,https://www.plasticsurgery.org/news/plastic-surgery-statistics?sub=2020+Plastic+Surgery+Statistics,https://www.plasticsurgery.org/news/plastic-surgery-statistics?sub=2020+Plastic+Surgery+Statistics,2020,html_year_page,procedure_statistics,discovered,,,,,,,
asps_plastic_surgery_statistics,ASPS,https://www.plasticsurgery.org/news/plastic-surgery-statistics?sub=2020+Plastic+Surgery+Statistics,2020 Plastic Surgery Statistics | American Society of Plastic Surgeons,Reconstructive Demographics,https://www.plasticsurgery.org/documents/news/statistics/2020/reconstructive-procedure-demographics-2020.pdf,https://www.plasticsurgery.org/documents/news/statistics/2020/reconstructive-procedure-demographics-2020.pdf,2020,pdf,reconstructive_procedure,downloaded,,application/pdf,data\commercial_sources\phase1_official_stats\asps_plastic_surgery_statistics\2020__reconstructive_procedure__reconstructive-demographics.pdf,93bc89ceddbb7971bfc1122bf0da45b5c479880976e6ad40a51d9658cd73c74e,273077,2026-06-20T02:56:42+08:00,
asps_plastic_surgery_statistics,ASPS,https://www.plasticsurgery.org/news/plastic-surgery-statistics?sub=2020+Plastic+Surgery+Statistics,2020 Plastic Surgery Statistics | American Society of Plastic Surgeons,Procedures by Region,https://www.plasticsurgery.org/documents/news/statistics/2020/cosmetic-procedures-region-2020.pdf,https://www.plasticsurgery.org/documents/news/statistics/2020/cosmetic-procedures-region-2020.pdf,2020,pdf,regional_distribution,downloaded,,application/pdf,data\commercial_sources\phase1_official_stats\asps_plastic_surgery_statistics\2020__regional_distribution__procedures-by-region.pdf,f408f024345a2185902bbdf59b44bdd0907e46da7c5c022cbd20c65d62536f91,588475,2026-06-20T02:56:38+08:00,
asps_plastic_surgery_statistics,ASPS,https://www.plasticsurgery.org/news/plastic-surgery-statistics?sub=2021+Plastic+Surgery+Statistics,Plastic Surgery Statistics | American Society of Plastic Surgeons,,https://www.plasticsurgery.org/news/plastic-surgery-statistics?sub=2021+Plastic+Surgery+Statistics,https://www.plasticsurgery.org/news/plastic-surgery-statistics?sub=2021+Plastic+Surgery+Statistics,2021,html_year_page,procedure_statistics,discovered,,,,,,,
asps_plastic_surgery_statistics,ASPS,https://www.plasticsurgery.org/news/plastic-surgery-statistics?sub=2021+Plastic+Surgery+Statistics,Plastic Surgery Statistics | American Society of Plastic Surgeons,Account Dashboard,https://www.plasticsurgery.org/news/plastic-surgery-statistics?sub=2021+Plastic+Surgery+Statistics,https://www.plasticsurgery.org/news/plastic-surgery-statistics?sub=2021+Plastic+Surgery+Statistics,2021,html_year_page,procedure_statistics,discovered,,,,,,,
asps_plastic_surgery_statistics,ASPS,https://www.plasticsurgery.org/news/plastic-surgery-statistics?sub=2022+Plastic+Surgery+Statistics,2022 Plastic Surgery Statistics | American Society of Plastic Surgeons,Cosmetic Patients (13-19),https://www.plasticsurgery.org/documents/news/statistics/2022/cosmetic-procedures-ages-13-19-2022.pdf,https://www.plasticsurgery.org/documents/news/statistics/2022/cosmetic-procedures-ages-13-19-2022.pdf,2022,pdf,age_distribution,downloaded,,application/pdf,data\commercial_sources\phase1_official_stats\asps_plastic_surgery_statistics\2022__age_distribution__cosmetic-patients-13-19.pdf,4142ecd875e5e1dd47e52ffaf8a8755e26091fb2f0aad49df48280833ad02fd3,127077,2026-06-20T02:57:05+08:00,
asps_plastic_surgery_statistics,ASPS,https://www.plasticsurgery.org/news/plastic-surgery-statistics?sub=2022+Plastic+Surgery+Statistics,2022 Plastic Surgery Statistics | American Society of Plastic Surgeons,Cosmetic Patients (20-29),https://www.plasticsurgery.org/documents/news/statistics/2022/cosmetic-procedures-ages-20-29-2022.pdf,https://www.plasticsurgery.org/documents/news/statistics/2022/cosmetic-procedures-ages-20-29-2022.pdf,2022,pdf,age_distribution,downloaded,,application/pdf,data\commercial_sources\phase1_official_stats\asps_plastic_surgery_statistics\2022__age_distribution__cosmetic-patients-20-29.pdf,ae8709891900d01a316a45c825efa412561cdc9843c2428923fed2ce9db9aec7,135066,2026-06-20T02:57:06+08:00,
asps_plastic_surgery_statistics,ASPS,https://www.plasticsurgery.org/news/plastic-surgery-statistics?sub=2022+Plastic+Surgery+Statistics,2022 Plastic Surgery Statistics | American Society of Plastic Surgeons,Cosmetic Patients (30-39),https://www.plasticsurgery.org/documents/news/statistics/2022/cosmetic-procedures-ages-30-39-2022.pdf,https://www.plasticsurgery.org/documents/news/statistics/2022/cosmetic-procedures-ages-30-39-2022.pdf,2022,pdf,age_distribution,downloaded,,application/pdf,data\commercial_sources\phase1_official_stats\asps_plastic_surgery_statistics\2022__age_distribution__cosmetic-patients-30-39.pdf,25229f4dc0c0b73b0cd4a02729b7b237456d08f7d087710b1672c4318c9abd86,134995,2026-06-20T02:57:07+08:00,
asps_plastic_surgery_statistics,ASPS,https://www.plasticsurgery.org/news/plastic-surgery-statistics?sub=2022+Plastic+Surgery+Statistics,2022 Plastic Surgery Statistics | American Society of Plastic Surgeons,Cosmetic Patients (40-54),https://www.plasticsurgery.org/documents/news/statistics/2022/cosmetic-procedures-ages-40-54-2022.pdf,https://www.plasticsurgery.org/documents/news/statistics/2022/cosmetic-procedures-ages-40-54-2022.pdf,2022,pdf,age_distribution,downloaded,,application/pdf,data\commercial_sources\phase1_official_stats\asps_plastic_surgery_statistics\2022__age_distribution__cosmetic-patients-40-54.pdf,78a6ea21defe426ad79d78eeac532069d8f4bac1dc028ee761ab87b4d01aa1ab,135038,2026-06-20T02:57:08+08:00,
asps_plastic_surgery_statistics,ASPS,https://www.plasticsurgery.org/news/plastic-surgery-statistics?sub=2022+Plastic+Surgery+Statistics,2022 Plastic Surgery Statistics | American Society of Plastic Surgeons,Cosmetic Patients (55-69),https://www.plasticsurgery.org/documents/news/statistics/2022/cosmetic-procedures-ages-55-69-2022.pdf,https://www.plasticsurgery.org/documents/news/statistics/2022/cosmetic-procedures-ages-55-69-2022.pdf,2022,pdf,age_distribution,downloaded,,application/pdf,data\commercial_sources\phase1_official_stats\asps_plastic_surgery_statistics\2022__age_distribution__cosmetic-patients-55-69.pdf,926cbf83baab1e7f81b0bc2eff328e410ed49c549e2fe4ffaf7a2b809b31fee8,134985,2026-06-20T02:57:09+08:00,
asps_plastic_surgery_statistics,ASPS,https://www.plasticsurgery.org/news/plastic-surgery-statistics?sub=2022+Plastic+Surgery+Statistics,2022 Plastic Surgery Statistics | American Society of Plastic Surgeons,Cosmetic Patients (70+),https://www.plasticsurgery.org/documents/news/statistics/2022/cosmetic-procedures-ages-70-over-2022.pdf,https://www.plasticsurgery.org/documents/news/statistics/2022/cosmetic-procedures-ages-70-over-2022.pdf,2022,pdf,age_distribution,downloaded,,application/pdf,data\commercial_sources\phase1_official_stats\asps_plastic_surgery_statistics\2022__age_distribution__cosmetic-patients-70.pdf,e63663c915fdf218677904d95fbd1bc5fbff0ddb73f4ba1c761e3cad5df6cc0f,134910,2026-06-20T02:57:09+08:00,
asps_plastic_surgery_statistics,ASPS,https://www.plasticsurgery.org/news/plastic-surgery-statistics?sub=2022+Plastic+Surgery+Statistics,2022 Plastic Surgery Statistics | American Society of Plastic Surgeons,Reconstructive Breast Procedures (by age),https://www.plasticsurgery.org/documents/news/statistics/2022/reconstructive-breast-procedures-age-2022.pdf,https://www.plasticsurgery.org/documents/news/statistics/2022/reconstructive-breast-procedures-age-2022.pdf,2022,pdf,age_distribution,downloaded,,application/pdf,data\commercial_sources\phase1_official_stats\asps_plastic_surgery_statistics\2022__age_distribution__reconstructive-breast-procedures-by-age.pdf,4a6b9962ef5a84f8d1c2c5d572f20851bba4c3858f92abd8daca2ea69984380a,132354,2026-06-20T02:57:10+08:00,
asps_plastic_surgery_statistics,ASPS,https://www.plasticsurgery.org/news/plastic-surgery-statistics?sub=2022+Plastic+Surgery+Statistics,2022 Plastic Surgery Statistics | American Society of Plastic Surgeons,Average Surgeon Fees,https://www.plasticsurgery.org/documents/news/statistics/2022/cosmetic-procedures-average-cost-2022.pdf,https://www.plasticsurgery.org/documents/news/statistics/2022/cosmetic-procedures-average-cost-2022.pdf,2022,pdf,average_fee,downloaded,,application/pdf,data\commercial_sources\phase1_official_stats\asps_plastic_surgery_statistics\2022__average_fee__average-surgeon-fees.pdf,c1db670845ecf8902ec1e4d74ef7c5d03e4b03c9ca1536cdfdaf9a3909e9d701,148634,2026-06-20T02:57:04+08:00,
asps_plastic_surgery_statistics,ASPS,https://www.plasticsurgery.org/news/plastic-surgery-statistics?sub=2022+Plastic+Surgery+Statistics,2022 Plastic Surgery Statistics | American Society of Plastic Surgeons,2022 Plastic Surgery Statistics Report,https://www.plasticsurgery.org/documents/news/statistics/2022/plastic-surgery-statistics-report-2022.pdf,https://www.plasticsurgery.org/documents/news/statistics/2022/plastic-surgery-statistics-report-2022.pdf,2022,pdf,complete_report,downloaded,,application/pdf,data\commercial_sources\phase1_official_stats\asps_plastic_surgery_statistics\2022__complete_report__2022-plastic-surgery-statistics-report.pdf,73495346d37671d2d9c310a108c23cb804a114c7ce5e85a90fa5d690045b5ae0,1903600,2026-06-20T02:56:56+08:00,
asps_plastic_surgery_statistics,ASPS,https://www.plasticsurgery.org/news/plastic-surgery-statistics?sub=2022+Plastic+Surgery+Statistics,2022 Plastic Surgery Statistics | American Society of Plastic Surgeons,Top 5 Cosmetic Surgical Procedures,https://www.plasticsurgery.org/documents/news/statistics/2022/top-five-cosmetic-plastic-surgery-procedures-2022.pdf,https://www.plasticsurgery.org/documents/news/statistics/2022/top-five-cosmetic-plastic-surgery-procedures-2022.pdf,2022,pdf,cosmetic_procedure,downloaded,,application/pdf,data\commercial_sources\phase1_official_stats\asps_plastic_surgery_statistics\2022__cosmetic_procedure__top-5-cosmetic-surgical-procedures.pdf,7792a0c8d719bdee09df5d87a0d94fd1837d72cf0066b0fbc6de6a29847ea514,120505,2026-06-20T02:56:59+08:00,
asps_plastic_surgery_statistics,ASPS,https://www.plasticsurgery.org/news/plastic-surgery-statistics?sub=2022+Plastic+Surgery+Statistics,2022 Plastic Surgery Statistics | American Society of Plastic Surgeons,Cosmetic Surgery in Males,https://www.plasticsurgery.org/documents/news/statistics/2022/cosmetic-procedures-men-2022.pdf,https://www.plasticsurgery.org/documents/news/statistics/2022/cosmetic-procedures-men-2022.pdf,2022,pdf,gender_distribution,downloaded,,application/pdf,data\commercial_sources\phase1_official_stats\asps_plastic_surgery_statistics\2022__gender_distribution__cosmetic-surgery-in-males.pdf,49f4dbf5a3e14612348a3e916497082c8170ab4c490654b332402cf3d6537f64,137753,2026-06-20T02:57:12+08:00,
asps_plastic_surgery_statistics,ASPS,https://www.plasticsurgery.org/news/plastic-surgery-statistics?sub=2022+Plastic+Surgery+Statistics,2022 Plastic Surgery Statistics | American Society of Plastic Surgeons,Cosmetic Surgery in Females,https://www.plasticsurgery.org/documents/news/statistics/2022/cosmetic-procedures-women-2022.pdf,https://www.plasticsurgery.org/documents/news/statistics/2022/cosmetic-procedures-women-2022.pdf,2022,pdf,gender_distribution,downloaded,,application/pdf,data\commercial_sources\phase1_official_stats\asps_plastic_surgery_statistics\2022__gender_distribution__cosmetic-surgery-in-females.pdf,7543f0677c84e8c067966e9d1e7da35194415a0f8a5a7f0e4832e55df631d713,137681,2026-06-20T02:57:11+08:00,
asps_plastic_surgery_statistics,ASPS,https://www.plasticsurgery.org/news/plastic-surgery-statistics?sub=2022+Plastic+Surgery+Statistics,2022 Plastic Surgery Statistics | American Society of Plastic Surgeons,Top 5 Minimally Invasive Procedures,https://www.plasticsurgery.org/documents/news/statistics/2022/top-five-minimally-invasive-procedures-2022.pdf,https://www.plasticsurgery.org/documents/news/statistics/2022/top-five-minimally-invasive-procedures-2022.pdf,2022,pdf,minimally_invasive,downloaded,,application/pdf,data\commercial_sources\phase1_official_stats\asps_plastic_surgery_statistics\2022__minimally_invasive__top-5-minimally-invasive-procedures.pdf,a5b5c6daa501befca54e69b2b0d5bf08438b1418543e2f80bdae00886cf0bcd6,138574,2026-06-20T02:57:00+08:00,
asps_plastic_surgery_statistics,ASPS,https://www.plasticsurgery.org/news/plastic-surgery-statistics?sub=2022+Plastic+Surgery+Statistics,2022 Plastic Surgery Statistics | American Society of Plastic Surgeons,,https://www.plasticsurgery.org/news/plastic-surgery-statistics?sub=2022+Plastic+Surgery+Statistics,https://www.plasticsurgery.org/news/plastic-surgery-statistics?sub=2022+Plastic+Surgery+Statistics,2022,html_year_page,procedure_statistics,discovered,,,,,,,
asps_plastic_surgery_statistics,ASPS,https://www.plasticsurgery.org/news/plastic-surgery-statistics,Plastic Surgery Statistics | American Society of Plastic Surgeons,2022 Plastic Surgery Statistics,https://www.plasticsurgery.org/news/plastic-surgery-statistics?sub=2022+Plastic+Surgery+Statistics,https://www.plasticsurgery.org/news/plastic-surgery-statistics?sub=2022+Plastic+Surgery+Statistics,2022,html_year_page,procedure_statistics,discovered,,,,,,,
asps_plastic_surgery_statistics,ASPS,https://www.plasticsurgery.org/news/plastic-surgery-statistics?sub=2022+Plastic+Surgery+Statistics,2022 Plastic Surgery Statistics | American Society of Plastic Surgeons,Account Dashboard,https://www.plasticsurgery.org/news/plastic-surgery-statistics?sub=2022+Plastic+Surgery+Statistics,https://www.plasticsurgery.org/news/plastic-surgery-statistics?sub=2022+Plastic+Surgery+Statistics,2022,html_year_page,procedure_statistics,discovered,,,,,,,
asps_plastic_surgery_statistics,ASPS,https://www.plasticsurgery.org/news/plastic-surgery-statistics?sub=2022+Plastic+Surgery+Statistics,2022 Plastic Surgery Statistics | American Society of Plastic Surgeons,plastic surgery statistics portal,https://www.plasticsurgery.org/plastic-surgery-statistics-2022,https://www.plasticsurgery.org/plastic-surgery-statistics-2022,2022,html_year_page,procedure_statistics,discovered,,,,,,,
asps_plastic_surgery_statistics,ASPS,https://www.plasticsurgery.org/news/plastic-surgery-statistics?sub=2022+Plastic+Surgery+Statistics,2022 Plastic Surgery Statistics | American Society of Plastic Surgeons,Top 5 Reconstructive Surgical Procedures,https://www.plasticsurgery.org/documents/news/statistics/2022/top-five-reconstructive-plastic-surgery-procedures-2022.pdf,https://www.plasticsurgery.org/documents/news/statistics/2022/top-five-reconstructive-plastic-surgery-procedures-2022.pdf,2022,pdf,reconstructive_procedure,downloaded,,application/pdf,data\commercial_sources\phase1_official_stats\asps_plastic_surgery_statistics\2022__reconstructive_procedure__top-5-reconstructive-surgical-procedures.pdf,ef70a7e6038390a5bd6ea15d904f9e85d742fc2e348445da136188c5b9af2264,107942,2026-06-20T02:57:01+08:00,
asps_plastic_surgery_statistics,ASPS,https://www.plasticsurgery.org/news/plastic-surgery-statistics?sub=2022+Plastic+Surgery+Statistics,2022 Plastic Surgery Statistics | American Society of Plastic Surgeons,Procedures by Region,https://www.plasticsurgery.org/documents/news/statistics/2022/cosmetic-procedures-region-2022.pdf,https://www.plasticsurgery.org/documents/news/statistics/2022/cosmetic-procedures-region-2022.pdf,2022,pdf,regional_distribution,downloaded,,application/pdf,data\commercial_sources\phase1_official_stats\asps_plastic_surgery_statistics\2022__regional_distribution__procedures-by-region.pdf,ccac522264e6cc82d3a583547ea1db69d24cbb3471d72d301b423d0cb6fccaef,787891,2026-06-20T02:57:03+08:00,
asps_plastic_surgery_statistics,ASPS,https://www.plasticsurgery.org/news/plastic-surgery-statistics?sub=2023+Plastic+Surgery+Statistics,2023 Plastic Surgery Statistics | American Society of Plastic Surgeons,2022/2023 National Cosmetic Procedures,https://www.plasticsurgery.org/documents/news/statistics/2023/cosmetic-procedure-trends-2023.pdf,https://www.plasticsurgery.org/documents/news/statistics/2023/cosmetic-procedure-trends-2023.pdf,2022-2023,pdf,cosmetic_procedure,downloaded,,application/pdf,data\commercial_sources\phase1_official_stats\asps_plastic_surgery_statistics\2022-2023__cosmetic_procedure__2022-2023-national-cosmetic-procedures.pdf,a70dec8671923468f8beaa22c0babd4aa90ccdc92d6af936bd80c0a5a2abeb39,191053,2026-06-20T02:57:16+08:00,
asps_plastic_surgery_statistics,ASPS,https://www.plasticsurgery.org/news/plastic-surgery-statistics?sub=2023+Plastic+Surgery+Statistics,2023 Plastic Surgery Statistics | American Society of Plastic Surgeons,2022/2023 National Minimally Invasive Procedures,https://www.plasticsurgery.org/documents/news/statistics/2023/minimally-invasive-procedure-trends-2023.pdf,https://www.plasticsurgery.org/documents/news/statistics/2023/minimally-invasive-procedure-trends-2023.pdf,2022-2023,pdf,minimally_invasive,downloaded,,application/pdf,data\commercial_sources\phase1_official_stats\asps_plastic_surgery_statistics\2022-2023__minimally_invasive__2022-2023-national-minimally-invasive-procedures.pdf,deffd733f0986e314a97939a420e6341127d6e19d72e38d8a2e78961d9048f03,184999,2026-06-20T02:57:17+08:00,
asps_plastic_surgery_statistics,ASPS,https://www.plasticsurgery.org/news/plastic-surgery-statistics?sub=2023+Plastic+Surgery+Statistics,2023 Plastic Surgery Statistics | American Society of Plastic Surgeons,2022/2023 National Reconstructive Procedures,https://www.plasticsurgery.org/documents/news/statistics/2023/reconstructive-procedure-trends-2023.pdf,https://www.plasticsurgery.org/documents/news/statistics/2023/reconstructive-procedure-trends-2023.pdf,2022-2023,pdf,reconstructive_procedure,downloaded,,application/pdf,data\commercial_sources\phase1_official_stats\asps_plastic_surgery_statistics\2022-2023__reconstructive_procedure__2022-2023-national-reconstructive-procedures.pdf,bf747b80556120dd43679970934bc086a5010aa19dfd7a7edb376bc2fd2cda95,169695,2026-06-20T02:57:18+08:00,
asps_plastic_surgery_statistics,ASPS,https://www.plasticsurgery.org/news/plastic-surgery-statistics?sub=2023+Plastic+Surgery+Statistics,2023 Plastic Surgery Statistics | American Society of Plastic Surgeons,Cosmetic Patients (13-19),https://www.plasticsurgery.org/documents/news/statistics/2023/cosmetic-procedures-ages-13-19-2023.pdf,https://www.plasticsurgery.org/documents/news/statistics/2023/cosmetic-procedures-ages-13-19-2023.pdf,2023,pdf,age_distribution,downloaded,,application/pdf,data\commercial_sources\phase1_official_stats\asps_plastic_surgery_statistics\2023__age_distribution__cosmetic-patients-13-19.pdf,24c9a04bcc1585dc657d37892a5d3df4964b4caafcc9370b95c20371b4ebce90,190422,2026-06-20T02:57:28+08:00,
asps_plastic_surgery_statistics,ASPS,https://www.plasticsurgery.org/news/plastic-surgery-statistics?sub=2023+Plastic+Surgery+Statistics,2023 Plastic Surgery Statistics | American Society of Plastic Surgeons,Cosmetic Patients (20-29),https://www.plasticsurgery.org/documents/news/statistics/2023/cosmetic-procedures-ages-20-29-2023.pdf,https://www.plasticsurgery.org/documents/news/statistics/2023/cosmetic-procedures-ages-20-29-2023.pdf,2023,pdf,age_distribution,downloaded,,application/pdf,data\commercial_sources\phase1_official_stats\asps_plastic_surgery_statistics\2023__age_distribution__cosmetic-patients-20-29.pdf,050d13dbc31ad67f12832a5b2886441ac608e3e6eff2453eda71f83ce3ede3ae,177454,2026-06-20T02:57:29+08:00,
asps_plastic_surgery_statistics,ASPS,https://www.plasticsurgery.org/news/plastic-surgery-statistics?sub=2023+Plastic+Surgery+Statistics,2023 Plastic Surgery Statistics | American Society of Plastic Surgeons,Cosmetic Patients (30-39),https://www.plasticsurgery.org/documents/news/statistics/2023/cosmetic-procedures-ages-30-39-2023.pdf,https://www.plasticsurgery.org/documents/news/statistics/2023/cosmetic-procedures-ages-30-39-2023.pdf,2023,pdf,age_distribution,downloaded,,application/pdf,data\commercial_sources\phase1_official_stats\asps_plastic_surgery_statistics\2023__age_distribution__cosmetic-patients-30-39.pdf,82dee6cbefcf000e3a67e6ad2e4659f205c86425093805928c38b11cb177c8c7,177576,2026-06-20T02:57:30+08:00,
asps_plastic_surgery_statistics,ASPS,https://www.plasticsurgery.org/news/plastic-surgery-statistics?sub=2023+Plastic+Surgery+Statistics,2023 Plastic Surgery Statistics | American Society of Plastic Surgeons,Cosmetic Patients (40-54),https://www.plasticsurgery.org/documents/news/statistics/2023/cosmetic-procedures-ages-40-54-2023.pdf,https://www.plasticsurgery.org/documents/news/statistics/2023/cosmetic-procedures-ages-40-54-2023.pdf,2023,pdf,age_distribution,downloaded,,application/pdf,data\commercial_sources\phase1_official_stats\asps_plastic_surgery_statistics\2023__age_distribution__cosmetic-patients-40-54.pdf,ba359931b732fafcbe72991d347d905a9810cf521ead0257da13a4f6c467bfc2,177584,2026-06-20T02:57:31+08:00,
asps_plastic_surgery_statistics,ASPS,https://www.plasticsurgery.org/news/plastic-surgery-statistics?sub=2023+Plastic+Surgery+Statistics,2023 Plastic Surgery Statistics | American Society of Plastic Surgeons,Cosmetic Patients (55-69),https://www.plasticsurgery.org/documents/news/statistics/2023/cosmetic-procedures-ages-55-69-2023.pdf,https://www.plasticsurgery.org/documents/news/statistics/2023/cosmetic-procedures-ages-55-69-2023.pdf,2023,pdf,age_distribution,downloaded,,application/pdf,data\commercial_sources\phase1_official_stats\asps_plastic_surgery_statistics\2023__age_distribution__cosmetic-patients-55-69.pdf,9b3109f36bdc60b6111a5e8d94db113f9b16c28b344cfa711ae8a4d3a568bad4,177666,2026-06-20T02:57:32+08:00,
asps_plastic_surgery_statistics,ASPS,https://www.plasticsurgery.org/news/plastic-surgery-statistics?sub=2023+Plastic+Surgery+Statistics,2023 Plastic Surgery Statistics | American Society of Plastic Surgeons,Cosmetic Patients (70+),https://www.plasticsurgery.org/documents/news/statistics/2023/cosmetic-procedures-ages-70-over-2023.pdf,https://www.plasticsurgery.org/documents/news/statistics/2023/cosmetic-procedures-ages-70-over-2023.pdf,2023,pdf,age_distribution,downloaded,,application/pdf,data\commercial_sources\phase1_official_stats\asps_plastic_surgery_statistics\2023__age_distribution__cosmetic-patients-70.pdf,04d205d3468db0d51a124aa38619afef738ea4d52108ae0e529fe2335c13d3d8,177385,2026-06-20T02:57:33+08:00,
asps_plastic_surgery_statistics,ASPS,https://www.plasticsurgery.org/news/plastic-surgery-statistics?sub=2023+Plastic+Surgery+Statistics,2023 Plastic Surgery Statistics | American Society of Plastic Surgeons,Reconstructive Breast Procedures (by age),https://www.plasticsurgery.org/documents/news/statistics/2023/reconstructive-breast-procedures-age-2023.pdf,https://www.plasticsurgery.org/documents/news/statistics/2023/reconstructive-breast-procedures-age-2023.pdf,2023,pdf,age_distribution,downloaded,,application/pdf,data\commercial_sources\phase1_official_stats\asps_plastic_surgery_statistics\2023__age_distribution__reconstructive-breast-procedures-by-age.pdf,f18bd2e6d7b4ca6549f84e36fe2db126c23886b142eaa87ef8213900bfb93b33,177827,2026-06-20T02:57:34+08:00,
asps_plastic_surgery_statistics,ASPS,https://www.plasticsurgery.org/news/plastic-surgery-statistics,Plastic Surgery Statistics | American Society of Plastic Surgeons,Average Surgeon Fees,https://www.plasticsurgery.org/Documents/News/Statistics/2023/cosmetic-procedures-average-cost-2023.pdf,https://www.plasticsurgery.org/Documents/News/Statistics/2023/cosmetic-procedures-average-cost-2023.pdf,2023,pdf,average_fee,downloaded,,application/pdf,data\commercial_sources\phase1_official_stats\asps_plastic_surgery_statistics\2023__average_fee__average-surgeon-fees.pdf,77595ce523ee5164abb9d410a43fd01d33fa8c8bbdb5a5138baacf73212f6d1b,177133,2026-06-20T02:56:23+08:00,
asps_plastic_surgery_statistics,ASPS,https://www.plasticsurgery.org/news/plastic-surgery-statistics?sub=2023+Plastic+Surgery+Statistics,2023 Plastic Surgery Statistics | American Society of Plastic Surgeons,2023 Plastic Surgery Statistics Report,https://www.plasticsurgery.org/documents/news/statistics/2023/plastic-surgery-statistics-report-2023.pdf,https://www.plasticsurgery.org/documents/news/statistics/2023/plastic-surgery-statistics-report-2023.pdf,2023,pdf,complete_report,downloaded,,application/pdf,data\commercial_sources\phase1_official_stats\asps_plastic_surgery_statistics\2023__complete_report__2023-plastic-surgery-statistics-report.pdf,5f94e566faa7571ff81135618a4938e78898bccc2bbea912956c84c4d6cc7b29,3463069,2026-06-20T02:57:15+08:00,
asps_plastic_surgery_statistics,ASPS,https://www.plasticsurgery.org/news/plastic-surgery-statistics?sub=2023+Plastic+Surgery+Statistics,2023 Plastic Surgery Statistics | American Society of Plastic Surgeons,Top 5 Cosmetic Surgical Procedures,https://www.plasticsurgery.org/documents/news/statistics/2023/top-five-cosmetic-plastic-surgery-procedures-2023.pdf,https://www.plasticsurgery.org/documents/news/statistics/2023/top-five-cosmetic-plastic-surgery-procedures-2023.pdf,2023,pdf,cosmetic_procedure,downloaded,,application/pdf,data\commercial_sources\phase1_official_stats\asps_plastic_surgery_statistics\2023__cosmetic_procedure__top-5-cosmetic-surgical-procedures.pdf,3da9a19f281376c6d2799f616f04ba4f61c3ff2c75da4fb2c21df0255ba19ac5,162996,2026-06-20T02:57:19+08:00,
asps_plastic_surgery_statistics,ASPS,https://www.plasticsurgery.org/news/plastic-surgery-statistics?sub=2023+Plastic+Surgery+Statistics,2023 Plastic Surgery Statistics | American Society of Plastic Surgeons,Cosmetic Surgery in Males,https://www.plasticsurgery.org/documents/news/statistics/2023/cosmetic-procedures-men-2023.pdf,https://www.plasticsurgery.org/documents/news/statistics/2023/cosmetic-procedures-men-2023.pdf,2023,pdf,gender_distribution,downloaded,,application/pdf,data\commercial_sources\phase1_official_stats\asps_plastic_surgery_statistics\2023__gender_distribution__cosmetic-surgery-in-males.pdf,9abaa9bfa04c0471ad0f83e40b2862bbac5bad2e16e3ea598ce32f5ff84c1950,179628,2026-06-20T02:57:35+08:00,
asps_plastic_surgery_statistics,ASPS,https://www.plasticsurgery.org/news/plastic-surgery-statistics?sub=2023+Plastic+Surgery+Statistics,2023 Plastic Surgery Statistics | American Society of Plastic Surgeons,Cosmetic Surgery in Females,https://www.plasticsurgery.org/documents/news/statistics/2023/cosmetic-procedures-women-2023.pdf,https://www.plasticsurgery.org/documents/news/statistics/2023/cosmetic-procedures-women-2023.pdf,2023,pdf,gender_distribution,downloaded,,application/pdf,data\commercial_sources\phase1_official_stats\asps_plastic_surgery_statistics\2023__gender_distribution__cosmetic-surgery-in-females.pdf,7c0a3869d671d94dbbc30574f9c2454740beb34e0380b53cef46e6b7e78970a6,179675,2026-06-20T02:57:36+08:00,
asps_plastic_surgery_statistics,ASPS,https://www.plasticsurgery.org/news/plastic-surgery-statistics?sub=2023+Plastic+Surgery+Statistics,2023 Plastic Surgery Statistics | American Society of Plastic Surgeons,Top 5 Minimally Invasive Procedures,https://www.plasticsurgery.org/documents/news/statistics/2023/top-five-minimally-invasive-procedures-2023.pdf,https://www.plasticsurgery.org/documents/news/statistics/2023/top-five-minimally-invasive-procedures-2023.pdf,2023,pdf,minimally_invasive,downloaded,,application/pdf,data\commercial_sources\phase1_official_stats\asps_plastic_surgery_statistics\2023__minimally_invasive__top-5-minimally-invasive-procedures.pdf,607a754f3aca6c2f6c82ffa8c5929d36149b2bcfac3b93ccd3b8d76657d5d3c6,185810,2026-06-20T02:57:20+08:00,
asps_plastic_surgery_statistics,ASPS,https://www.plasticsurgery.org/news/plastic-surgery-statistics,Plastic Surgery Statistics | American Society of Plastic Surgeons,,https://www.plasticsurgery.org/news/plastic-surgery-statistics?sub=2023+Plastic+Surgery+Statistics,https://www.plasticsurgery.org/news/plastic-surgery-statistics?sub=2023+Plastic+Surgery+Statistics,2023,html_year_page,procedure_statistics,discovered,,,,,,,
asps_plastic_surgery_statistics,ASPS,https://www.plasticsurgery.org/news/plastic-surgery-statistics,Plastic Surgery Statistics | American Society of Plastic Surgeons,2023 Plastic Surgery Statistics,https://www.plasticsurgery.org/news/plastic-surgery-statistics?sub=2023+Plastic+Surgery+Statistics,https://www.plasticsurgery.org/news/plastic-surgery-statistics?sub=2023+Plastic+Surgery+Statistics,2023,html_year_page,procedure_statistics,discovered,,,,,,,
asps_plastic_surgery_statistics,ASPS,https://www.plasticsurgery.org/news/plastic-surgery-statistics?sub=2023+Plastic+Surgery+Statistics,2023 Plastic Surgery Statistics | American Society of Plastic Surgeons,Account Dashboard,https://www.plasticsurgery.org/news/plastic-surgery-statistics?sub=2023+Plastic+Surgery+Statistics,https://www.plasticsurgery.org/news/plastic-surgery-statistics?sub=2023+Plastic+Surgery+Statistics,2023,html_year_page,procedure_statistics,discovered,,,,,,,
asps_plastic_surgery_statistics,ASPS,https://www.plasticsurgery.org/news/plastic-surgery-statistics?sub=2023+Plastic+Surgery+Statistics,2023 Plastic Surgery Statistics | American Society of Plastic Surgeons,Top 5 Reconstructive Surgical Procedures,https://www.plasticsurgery.org/documents/news/statistics/2023/top-five-reconstructive-plastic-surgery-procedures-2023.pdf,https://www.plasticsurgery.org/documents/news/statistics/2023/top-five-reconstructive-plastic-surgery-procedures-2023.pdf,2023,pdf,reconstructive_procedure,downloaded,,application/pdf,data\commercial_sources\phase1_official_stats\asps_plastic_surgery_statistics\2023__reconstructive_procedure__top-5-reconstructive-surgical-procedures.pdf,54293a09a96be7a077dba42eaf33540fbf87c58f479f3a13647f524f58a47ab8,153457,2026-06-20T02:57:21+08:00,
asps_plastic_surgery_statistics,ASPS,https://www.plasticsurgery.org/news/plastic-surgery-statistics?sub=2023+Plastic+Surgery+Statistics,2023 Plastic Surgery Statistics | American Society of Plastic Surgeons,Procedures by Region,https://www.plasticsurgery.org/documents/news/statistics/2023/cosmetic-procedures-region-2023.pdf,https://www.plasticsurgery.org/documents/news/statistics/2023/cosmetic-procedures-region-2023.pdf,2023,pdf,regional_distribution,downloaded,,application/pdf,data\commercial_sources\phase1_official_stats\asps_plastic_surgery_statistics\2023__regional_distribution__procedures-by-region.pdf,bd93b5c9b5ba2fb3514acd9deeac96b578100f15e3b5712fd2933ed2a57fd7de,620381,2026-06-20T02:57:27+08:00,
asps_plastic_surgery_statistics,ASPS,https://www.plasticsurgery.org/news/plastic-surgery-statistics,Plastic Surgery Statistics | American Society of Plastic Surgeons,Cosmetic Patients (19 and Under),https://www.plasticsurgery.org/documents/news/statistics/2024/cosmetic-procedures-ages-19-under-2024.pdf,https://www.plasticsurgery.org/documents/news/statistics/2024/cosmetic-procedures-ages-19-under-2024.pdf,2024,pdf,age_distribution,downloaded,,application/pdf,data\commercial_sources\phase1_official_stats\asps_plastic_surgery_statistics\2024__age_distribution__cosmetic-patients-19-and-under.pdf,e3d638b902a27b74ead009bbe6bda1bcc3da047918614b734b774a432bb652a4,166251,2026-06-20T02:56:24+08:00,
asps_plastic_surgery_statistics,ASPS,https://www.plasticsurgery.org/news/plastic-surgery-statistics,Plastic Surgery Statistics | American Society of Plastic Surgeons,Cosmetic Patients (20-29),https://www.plasticsurgery.org/documents/news/statistics/2024/cosmetic-procedures-ages-20-29-2024.pdf,https://www.plasticsurgery.org/documents/news/statistics/2024/cosmetic-procedures-ages-20-29-2024.pdf,2024,pdf,age_distribution,downloaded,,application/pdf,data\commercial_sources\phase1_official_stats\asps_plastic_surgery_statistics\2024__age_distribution__cosmetic-patients-20-29.pdf,e74c77bbe2fcc5f2115521ffeecdad0740bb9ef0fe74dedac258b7e619c9b0ff,146776,2026-06-20T02:56:25+08:00,
asps_plastic_surgery_statistics,ASPS,https://www.plasticsurgery.org/news/plastic-surgery-statistics,Plastic Surgery Statistics | American Society of Plastic Surgeons,Cosmetic Patients (30-39),https://www.plasticsurgery.org/documents/news/statistics/2024/cosmetic-procedures-ages-30-39-2024.pdf,https://www.plasticsurgery.org/documents/news/statistics/2024/cosmetic-procedures-ages-30-39-2024.pdf,2024,pdf,age_distribution,downloaded,,application/pdf,data\commercial_sources\phase1_official_stats\asps_plastic_surgery_statistics\2024__age_distribution__cosmetic-patients-30-39.pdf,831f8f9263febf56f7e724db1acbcf4519059f7d0d75f294bfb93ffd799ab2ec,142707,2026-06-20T02:56:26+08:00,
asps_plastic_surgery_statistics,ASPS,https://www.plasticsurgery.org/news/plastic-surgery-statistics,Plastic Surgery Statistics | American Society of Plastic Surgeons,Cosmetic Patients (40-54),https://www.plasticsurgery.org/documents/news/statistics/2024/cosmetic-procedures-ages-40-54-2024.pdf,https://www.plasticsurgery.org/documents/news/statistics/2024/cosmetic-procedures-ages-40-54-2024.pdf,2024,pdf,age_distribution,downloaded,,application/pdf,data\commercial_sources\phase1_official_stats\asps_plastic_surgery_statistics\2024__age_distribution__cosmetic-patients-40-54.pdf,e138570f00d828834ab3eb5423e276a48180427c33e90afc262a259e756f31f8,142719,2026-06-20T02:56:27+08:00,
asps_plastic_surgery_statistics,ASPS,https://www.plasticsurgery.org/news/plastic-surgery-statistics,Plastic Surgery Statistics | American Society of Plastic Surgeons,Cosmetic Patients (55-69),https://www.plasticsurgery.org/documents/news/statistics/2024/cosmetic-procedures-ages-55-69-2024.pdf,https://www.plasticsurgery.org/documents/news/statistics/2024/cosmetic-procedures-ages-55-69-2024.pdf,2024,pdf,age_distribution,downloaded,,application/pdf,data\commercial_sources\phase1_official_stats\asps_plastic_surgery_statistics\2024__age_distribution__cosmetic-patients-55-69.pdf,3141322b9713c2e144d8a24964371b80b6a639dfcdb0103f82008dc45941b8c1,160592,2026-06-20T02:56:28+08:00,
asps_plastic_surgery_statistics,ASPS,https://www.plasticsurgery.org/news/plastic-surgery-statistics,Plastic Surgery Statistics | American Society of Plastic Surgeons,Cosmetic Patients (70 and Over),https://www.plasticsurgery.org/documents/news/statistics/2024/cosmetic-procedures-ages-70-over-2024.pdf,https://www.plasticsurgery.org/documents/news/statistics/2024/cosmetic-procedures-ages-70-over-2024.pdf,2024,pdf,age_distribution,downloaded,,application/pdf,data\commercial_sources\phase1_official_stats\asps_plastic_surgery_statistics\2024__age_distribution__cosmetic-patients-70-and-over.pdf,ae10f99e08a363a5a1c00a1bb76f85e9b51711b7dc0d38b3dab678b87be13cdd,142665,2026-06-20T02:56:29+08:00,
asps_plastic_surgery_statistics,ASPS,https://www.plasticsurgery.org/news/plastic-surgery-statistics,Plastic Surgery Statistics | American Society of Plastic Surgeons,2024 Complete Plastic Surgery Statistics Report,https://www.plasticsurgery.org/documents/news/statistics/2024/plastic-surgery-statistics-report-2024.pdf,https://www.plasticsurgery.org/documents/news/statistics/2024/plastic-surgery-statistics-report-2024.pdf,2024,pdf,complete_report,downloaded,,application/pdf,data\commercial_sources\phase1_official_stats\asps_plastic_surgery_statistics\2024__complete_report__2024-complete-plastic-surgery-statistics-report.pdf,6f3fcfa036ed9f5a8f95c2ef0cd703c0968d53aec962fce930d2a06cbbc9edf3,9312011,2026-06-20T02:56:14+08:00,
asps_plastic_surgery_statistics,ASPS,https://www.plasticsurgery.org/news/plastic-surgery-statistics,Plastic Surgery Statistics | American Society of Plastic Surgeons,2024 Cosmetic Surgery Procedure Trends,https://www.plasticsurgery.org/documents/news/statistics/2024/cosmetic-procedure-trends-2024.pdf,https://www.plasticsurgery.org/documents/news/statistics/2024/cosmetic-procedure-trends-2024.pdf,2024,pdf,cosmetic_procedure,downloaded,,application/pdf,data\commercial_sources\phase1_official_stats\asps_plastic_surgery_statistics\2024__cosmetic_procedure__2024-cosmetic-surgery-procedure-trends.pdf,3b1ecb922c7e3fec809ec97e6f568724e5776242d7cbd396b5f0e2d41b169446,157123,2026-06-20T02:56:15+08:00,
asps_plastic_surgery_statistics,ASPS,https://www.plasticsurgery.org/news/plastic-surgery-statistics,Plastic Surgery Statistics | American Society of Plastic Surgeons,Top 5 Cosmetic Surgery Procedures,https://www.plasticsurgery.org/documents/news/statistics/2024/top-five-cosmetic-surgery-procedures-2024.pdf,https://www.plasticsurgery.org/documents/news/statistics/2024/top-five-cosmetic-surgery-procedures-2024.pdf,2024,pdf,cosmetic_procedure,downloaded,,application/pdf,data\commercial_sources\phase1_official_stats\asps_plastic_surgery_statistics\2024__cosmetic_procedure__top-5-cosmetic-surgery-procedures.pdf,36b662325dd4eeb85402ddc32c97de746270b8234a32bfac3e7d18f58a065dae,602810,2026-06-20T02:56:18+08:00,
asps_plastic_surgery_statistics,ASPS,https://www.plasticsurgery.org/news/plastic-surgery-statistics,Plastic Surgery Statistics | American Society of Plastic Surgeons,Cosmetic Surgery in Males,https://www.plasticsurgery.org/documents/news/statistics/2024/cosmetic-procedures-men-2024.pdf,https://www.plasticsurgery.org/documents/news/statistics/2024/cosmetic-procedures-men-2024.pdf,2024,pdf,gender_distribution,downloaded,,application/pdf,data\commercial_sources\phase1_official_stats\asps_plastic_surgery_statistics\2024__gender_distribution__cosmetic-surgery-in-males.pdf,739f4a128e4c601d943363ca879920fe04ef1884ca900bbf3cef37bde99a52bf,144200,2026-06-20T02:56:31+08:00,
asps_plastic_surgery_statistics,ASPS,https://www.plasticsurgery.org/news/plastic-surgery-statistics,Plastic Surgery Statistics | American Society of Plastic Surgeons,Cosmetic Surgery in Females,https://www.plasticsurgery.org/documents/news/statistics/2024/cosmetic-procedures-women-2024.pdf,https://www.plasticsurgery.org/documents/news/statistics/2024/cosmetic-procedures-women-2024.pdf,2024,pdf,gender_distribution,downloaded,,application/pdf,data\commercial_sources\phase1_official_stats\asps_plastic_surgery_statistics\2024__gender_distribution__cosmetic-surgery-in-females.pdf,f107efbec381dedaf2bdb0554daed7fdbbfa0e368b4f62511638655cc0bc2385,144296,2026-06-20T02:56:30+08:00,
asps_plastic_surgery_statistics,ASPS,https://www.plasticsurgery.org/news/plastic-surgery-statistics,Plastic Surgery Statistics | American Society of Plastic Surgeons,2024 Minimally Invasive Procedure Trends,https://www.plasticsurgery.org/documents/news/statistics/2024/minimally-invasive-procedure-trends-2024.pdf,https://www.plasticsurgery.org/documents/news/statistics/2024/minimally-invasive-procedure-trends-2024.pdf,2024,pdf,minimally_invasive,downloaded,,application/pdf,data\commercial_sources\phase1_official_stats\asps_plastic_surgery_statistics\2024__minimally_invasive__2024-minimally-invasive-procedure-trends.pdf,946c17cb61b55752d9ef93acc126940118fc1d189cf70cc5a68e9866e46282ee,222106,2026-06-20T02:56:16+08:00,
asps_plastic_surgery_statistics,ASPS,https://www.plasticsurgery.org/news/plastic-surgery-statistics,Plastic Surgery Statistics | American Society of Plastic Surgeons,Top 5 Minimally Invasive Procedures,https://www.plasticsurgery.org/documents/news/statistics/2024/top-five-minimally-invasive-procedures-2024.pdf,https://www.plasticsurgery.org/documents/news/statistics/2024/top-five-minimally-invasive-procedures-2024.pdf,2024,pdf,minimally_invasive,downloaded,,application/pdf,data\commercial_sources\phase1_official_stats\asps_plastic_surgery_statistics\2024__minimally_invasive__top-5-minimally-invasive-procedures.pdf,dac4cc5623559566233f107993fb43bbfbd4864d1be330b07842d992de6e9dae,1260507,2026-06-20T02:56:20+08:00,
asps_plastic_surgery_statistics,ASPS,https://www.plasticsurgery.org/news/plastic-surgery-statistics,Plastic Surgery Statistics | American Society of Plastic Surgeons,2024 Plastic Surgery Statistics,https://www.plasticsurgery.org/news/plastic-surgery-statistics,https://www.plasticsurgery.org/news/plastic-surgery-statistics,2024,html_year_page,procedure_statistics,discovered,,,,,,,
asps_plastic_surgery_statistics,ASPS,https://www.plasticsurgery.org/news/plastic-surgery-statistics?sub=2024+Plastic+Surgery+Statistics,Plastic Surgery Statistics | American Society of Plastic Surgeons,,https://www.plasticsurgery.org/news/plastic-surgery-statistics?sub=2024+Plastic+Surgery+Statistics,https://www.plasticsurgery.org/news/plastic-surgery-statistics?sub=2024+Plastic+Surgery+Statistics,2024,html_year_page,procedure_statistics,discovered,,,,,,,
asps_plastic_surgery_statistics,ASPS,https://www.plasticsurgery.org/news/plastic-surgery-statistics?sub=2024+Plastic+Surgery+Statistics,Plastic Surgery Statistics | American Society of Plastic Surgeons,Account Dashboard,https://www.plasticsurgery.org/news/plastic-surgery-statistics?sub=2024+Plastic+Surgery+Statistics,https://www.plasticsurgery.org/news/plastic-surgery-statistics?sub=2024+Plastic+Surgery+Statistics,2024,html_year_page,procedure_statistics,discovered,,,,,,,
asps_plastic_surgery_statistics,ASPS,https://www.plasticsurgery.org/news/plastic-surgery-statistics,Plastic Surgery Statistics | American Society of Plastic Surgeons,2024 Reconstructive Procedure Trends,https://www.plasticsurgery.org/documents/news/statistics/2024/reconstructive-procedure-trends-2024.pdf,https://www.plasticsurgery.org/documents/news/statistics/2024/reconstructive-procedure-trends-2024.pdf,2024,pdf,reconstructive_procedure,downloaded,,application/pdf,data\commercial_sources\phase1_official_stats\asps_plastic_surgery_statistics\2024__reconstructive_procedure__2024-reconstructive-procedure-trends.pdf,15513bba01e5b389271e6948281782d7262fb7e0f10ef4a4d31c7cc03902fbb0,191990,2026-06-20T02:56:17+08:00,
asps_plastic_surgery_statistics,ASPS,https://www.plasticsurgery.org/news/plastic-surgery-statistics,Plastic Surgery Statistics | American Society of Plastic Surgeons,Top 5 Reconstructive Procedures,https://www.plasticsurgery.org/documents/news/statistics/2024/top-five-reconstructive-procedures-2024.pdf,https://www.plasticsurgery.org/documents/news/statistics/2024/top-five-reconstructive-procedures-2024.pdf,2024,pdf,reconstructive_procedure,downloaded,,application/pdf,data\commercial_sources\phase1_official_stats\asps_plastic_surgery_statistics\2024__reconstructive_procedure__top-5-reconstructive-procedures.pdf,71bd0cf5396f19571a411d6d628d5c604c4e331864f2f0c501a3d6e9c838ad53,413229,2026-06-20T02:56:21+08:00,
asps_plastic_surgery_statistics,ASPS,https://www.plasticsurgery.org/news/plastic-surgery-statistics,Plastic Surgery Statistics | American Society of Plastic Surgeons,Procedures by Region,https://www.plasticsurgery.org/documents/news/statistics/2024/cosmetic-procedures-regions-2024.pdf,https://www.plasticsurgery.org/documents/news/statistics/2024/cosmetic-procedures-regions-2024.pdf,2024,pdf,regional_distribution,downloaded,,application/pdf,data\commercial_sources\phase1_official_stats\asps_plastic_surgery_statistics\2024__regional_distribution__procedures-by-region.pdf,390d3d1f7d588d74fd9e3ee8f22b4eaf13237fab0e50154d4bcccadf7aa3e7db,631013,2026-06-20T02:56:22+08:00,
