task_id,phase,priority,workstream,source_id,target_dataset,target_table,scope,years,segments,metrics,method,status,blocking_dependency,next_action,acceptance_check
cdp1_isaps_schema_lock,1,1,treatment_timeline,isaps_global_survey,commercial_procedure_metrics,market_metrics,"global;country","2020-2024","All procedures;Surgical;Non-surgical;Injectables;Facial rejuvenation;Other non-surgical",procedure_volume,normalize_existing_seed_to_phase1_schema,completed,none,"Keep using scripts/sync_isaps_market_metrics.py as the canonical ISAPS extraction path.","Existing 2020-2024 rows keep same counts and expose year/geo/category/unit/source URL."
cdp1_isaps_2023_backfill,1,2,treatment_timeline,isaps_global_survey,commercial_procedure_metrics,market_metrics,"global;country",2023,"same as source table coverage",procedure_volume,pdf_table_extraction_with_manual_qa,completed,none,"Maintain regression checks for official 2023 global, US and Brazil totals before future backfills.","Rows load with year=2023 and confidence=official_association_report; country totals reconcile with PDF table."
cdp1_isaps_2022_2020_backfill,1,3,treatment_timeline,isaps_global_survey,commercial_procedure_metrics,market_metrics,"global;country","2020-2022","same as source table coverage",procedure_volume,pdf_table_extraction_with_manual_qa,completed,none,"Maintain regression checks for official 2020-2022 global, US and Brazil totals before future backfills.","Rows load with years 2020-2022 and confidence=official_association_report; country totals reconcile with PDF tables."
cdp1_asps_2024_us_deepdive,1,4,treatment_timeline,asps_plastic_surgery_statistics,commercial_procedure_metrics,market_metrics,"US;US_region",2024,"surgical;minimally invasive;procedure",procedure_volume;average_fee;regional_distribution,pdf_html_table_extraction,completed,none,"Maintain scripts/extract_asps_market_metrics.py as the ASPS extraction path for 2024 procedure, average-fee and regional rows.","US rows are source-labeled ASPS and do not overwrite ISAPS US totals."
cdp1_asps_historical_us_deepdive,1,5,treatment_timeline,asps_plastic_surgery_statistics,commercial_procedure_metrics,market_metrics,"US;US_region","2020-2023","surgical;minimally invasive;procedure",procedure_volume;average_fee,pdf_html_table_extraction,completed,none,"Maintain ASPS 2020/2022/2023 official procedure rows in data/asps_market_metrics.csv; 2021 remains absent because no dedicated PDF is in the current official source set.","US procedure trend has 2020/2022/2023/2024 ASPS rows for official source PDFs."
cdp1_aesthetic_society_us_private_practice,1,6,treatment_timeline,aesthetic_society_statistics,commercial_procedure_metrics,market_metrics,US,"2020-latest_available","surgical;non-surgical;procedure",procedure_volume;billing_proxy,pdf_table_extraction_with_source_label,source_pdfs_acquired,none,"Parse downloaded Aesthetic Society 2020-2021, 2022 and 2023 official statistics PDFs as a separate US methodology lane.","Rows carry source_org=The Aesthetic Society and methodology note; no silent merge with ASPS."
cdp1_uk_baaps_2020_2025_audit_extract,1,7,treatment_timeline,uk_baaps_annual_audit,commercial_procedure_metrics,market_metrics,United Kingdom,"2020-2025",procedure,procedure_volume,pdf_table_and_text_extraction_with_source_label,completed_promoted_source_labeled,none,"Use data/baaps_market_metrics.csv: BAAPS UK audit rows are promoted as a source-labeled lane; 2022 is currently non-surgical-only because no direct 2022 surgical PDF was captured.","UK rows are source-labeled BAAPS and do not overwrite ISAPS United Kingdom totals."
cdp1_germany_dgaepc_2020_2025_metric_qa,1,8,treatment_timeline,germany_dgaepc_statistics,commercial_procedure_metrics,market_metrics,Germany,"2020-2025","procedure;survey_dimension",procedure_mix_proxy;patient_demographics,pdf_table_extraction_with_metric_qa,metric_qa_completed_proxy_only,none,"Use data/audits/europe_metric_qa_latest.csv: DGÄPC is patient-survey demand context and should stay out of procedure_volume mainline.","Only count-like metrics enter market_metrics as treatment volume; DGÄPC survey percentages remain source-labeled preference/demand proxy if extracted later."
cdp1_brazil_sbcp_censo_metric_qa,1,9,treatment_timeline,brazil_sbcp_pesquisas_censo,commercial_channel_coverage,commercial_channel_density_detail,Brazil,2025,state,surgeon_demography;channel_density_denominator,flipbook_image_manual_qa,completed_channel_denominator,none,"Use data/commercial_channel_density_detail.csv: SBCP Censo 2025 page 4 is promoted as Brazil state plastic-surgeon denominator, not treatment volume.","Only official count-like Brazil procedure metrics enter market_metrics; SBCP Censo 2025 surgeon demography remains channel-density context."
cdp1_spain_secpre_2022_metric_qa,1,10,treatment_timeline,spain_secpre_aesthetic_surgery_report,commercial_procedure_metrics,market_metrics,Spain,2022,"procedure;patient_segment",treatment_volume_candidate;procedure_mix,pdf_table_extraction_with_metric_qa,metric_qa_completed_hold,none,"Use data/audits/europe_metric_qa_latest.csv: SECPRE is held for manual text-block QA because first-pass table extraction did not expose stable tables.","Spain rows enter market_metrics only when the table is a count-like official association metric with SECPRE source label."
cdp1_italy_aicpe_2019_2020_metric_qa,1,11,treatment_timeline,italy_aicpe_observatory_statistics,commercial_procedure_metrics,market_metrics,Italy,"2019-2020","procedure_group;procedure",treatment_volume_crosscheck;procedure_mix,html_claim_extraction_with_primary_isaps_crosscheck,metric_qa_completed_crosscheck_only,none,"Use data/audits/europe_metric_qa_latest.csv: AICPE is Italy association context only; 2020 duplicates ISAPS and 2019 remains optional pre-2020 baseline.","No AICPE commentary value overwrites primary ISAPS data; 2020 stays as cross-check and 2019 is not promoted unless official ISAPS 2019 backfill is reopened."
cdp1_italy_sicpre_isaps_commentary,1,12,treatment_timeline,italy_sicpre_isaps_statistics,commercial_procedure_metrics,market_metrics,Italy,2023,"procedure_group;country_total",secondary_isaps_context,html_claim_extraction_with_primary_pdf_crosscheck,metric_qa_completed_do_not_promote,none,"Use data/audits/europe_metric_qa_latest.csv: SICPRE is secondary commentary and should not be promoted as a new source over primary ISAPS.","No SICPRE commentary value overwrites primary ISAPS data; source lane remains explicit."
cdp1_isaps_2019_2015_backfill,1,99,treatment_timeline,isaps_global_survey,commercial_procedure_metrics,market_metrics,"global;country","2015-2019","procedure_group;country_total",procedure_volume,pdf_table_extraction_with_manual_qa,optional_deferred,none,"Do not actively chase older ISAPS PDFs; only backfill if official files are readily available while focusing on 2020-present gaps.","Optional pre-2020 rows are source-labeled if added; absence does not block 2020-present market intelligence."
cdp2_sec_aesthetic_segment_revenue,2,1,company_revenue,sec_edgar_companyfacts,company_aesthetic_revenue_segments,company_financial_metrics,"US-listed companies","2020-2025","company_total;reported_aesthetic_segment",revenue_usd_m;gross_margin_pct;growth,10k_segment_table_extraction,partial_live,company_mapping_review,"Extend current SEC total-revenue pull with segment/product-line revenue extraction from 10-K text/tables.","Companies with disclosed aesthetics segments have separate segment rows distinct from total corporate revenue."
cdp2_ir_segment_revenue_priority_companies,2,2,company_revenue,company_ir_reports,company_aesthetic_revenue_segments,company_financial_metrics,"global listed/private-priority companies","2020-2025","region;product_line;company_segment",aesthetic_revenue;regional_revenue;guidance,pdf_html_table_extraction_with_manual_mapping,planned,company_priority_list,"Prioritize AbbVie Aesthetics, Galderma, Evolus, Revance/Crown, Merz, Bausch/Solta, InMode, Cutera, Cynosure/Lutronic/Jeisys, Classys, Hugel, PharmaResearch.","At least 20 priority companies have revenue rows with metric_basis identifying total vs aesthetics segment."
cdp2_dart_korea_backfill,2,3,company_revenue,open_dart_korea,company_aesthetic_revenue_segments,company_financial_metrics,South Korea,"2020-2025","company_total;segment_when_filed",revenue;operating_profit;net_income,open_dart_api_and_report_tables,planned,api_key,"Pull financial rows for Korean public aesthetics companies and map KRW to reporting currency fields.","Hugel/Medytox/Daewoong/Classys/PharmaResearch coverage appears with source_url and fiscal_year."
cdp2_edinet_japan_backfill,2,4,company_revenue,edinet_japan,company_aesthetic_revenue_segments,company_financial_metrics,Japan,"2020-2025","company_total;segment_when_filed",revenue;operating_profit;segment_revenue,edinet_api_xbrl_extraction,planned,api_key,"Identify Japanese aesthetics-relevant listed companies and extract EDINET annual/quarterly financials.","Rows include EDINET document id or source URL and do not conflate consumer cosmetics with medical aesthetics."
cdp3_provider_locator_pilot,3,1,channel_density,provider_locator_pages,commercial_channel_coverage,new_table,"USA;Europe;Brazil;South Korea",latest_snapshot,"brand;clinic;city",provider_count;city_coverage,polite_locator_crawl_or_manual_export,planned,locator_terms_review,"Pilot 3-5 brand locators for injectables and EBD to define fields and privacy-safe storage.","Channel table has country/city/brand counts without unnecessary personal contact fields."
cdp3_enrichment_provider_panel_design,3,2,channel_density,enrichment_provider_panel,commercial_channel_coverage,new_table,"US;Europe;LATAM;APAC",latest_snapshot,"clinic;distributor;chain",clinic_count;distributor_count;firmographics,connector_export_review,planned,provider_access,"Define export fields for Clay/ZoomInfo/Apollo-style enrichment and map account categories to dashboard countries.","Backlog has provider-ready field list and confidence rules; no unreviewed contact PII enters dashboard."
cdp3_cms_open_payments_us,3,3,channel_density,cms_open_payments,commercial_channel_coverage,new_table,USA,"2019-2025","company;physician_specialty;state",payment_amount;physician_count;company_touchpoints,api_or_bulk_csv,planned,entity_name_mapping,"Map Allergan/Galderma/Merz/EBD reporting entities to Open Payments and aggregate by state/year.","US channel proxy includes payer-company-year-state totals with official source label."
cdp3_hong_kong_dh_day_procedure_centre_density,3,4,channel_density,hong_kong_dh_day_procedure_centres,commercial_channel_coverage,new_table,Hong Kong,latest_snapshot,facility,licensed_facility_count,ckan_csv_extraction,csv_acquired,none,"Parse DATA.GOV.HK day procedure centre CSV resources captured by collect_geo_market_source_discovery.py.","Hong Kong provider-density proxy has facility count and source URL; no treatment volume claim is made."
cdp3_taiwan_mohw_aesthetic_institution_density,3,5,channel_density,taiwan_mohw_aesthetic_medicine_institutions,commercial_channel_coverage,new_table,Taiwan,latest_snapshot,"city;approved_institution",approved_institution_count,pdf_table_extraction,source_pdf_acquired,none,"Extract MOHW approved aesthetic medicine institution PDF and join to city/provider denominator where possible.","Taiwan channel proxy is city-level where source permits and is not mixed with procedure counts."
cdp3_brazil_surgeon_density_denominator,3,6,channel_density,brazil_cfm_medical_demography,commercial_channel_coverage,new_table,Brazil,"2020;2023;2024","state;specialty",plastic_surgeon_count;physician_density,html_powerbi_or_report_extraction,source_pages_discovered,none,"Map CFM medical demography pages/reports for plastic surgery specialty counts by state.","Brazil surgeon-density denominator can be compared with ISAPS Brazil procedure totals but remains a channel proxy."
cdp3_brazil_sbcp_locator_endpoint_mapping,3,7,channel_density,brazil_sbcp_surgeon_locator,commercial_channel_coverage,new_table,Brazil,latest_snapshot,"state;city;member",surgeon_locator_count,locator_form_endpoint_mapping,source_page_discovered,form_endpoint_mapping,"Inspect SBCP locator form/network endpoint and extract aggregate counts rather than personal contact data.","Only aggregate member/provider counts enter dashboard; personal contact details are excluded."
cdp3_japan_mhlw_aesthetic_physician_density,3,8,channel_density,japan_mhlw_aesthetic_medicine_status,commercial_channel_coverage,new_table,Japan,"2008-2022","specialty;clinic_physician",clinic_physician_count,pdf_table_extraction_with_metric_qa,source_pdf_acquired,none,"Extract MHLW clinic physician counts for cosmetic surgery plastic surgery and dermatology where tables are machine-readable.","Japan physician-density proxy has source-labeled specialty-year rows and is not treated as treatment volume."
cdp3_japan_medical_info_net_provider_density,3,9,channel_density,japan_mhlw_medical_info_net,commercial_channel_coverage,new_table,Japan,latest_snapshot,"facility;specialty;prefecture",facility_count;city_coverage,locator_form_endpoint_mapping,source_page_discovered,endpoint_mapping,"Map the MHLW Medical Information Net query flow for cosmetic surgery and plastic surgery specialty filters and aggregate facility counts.","Only aggregate provider counts by geography enter the dashboard; personal contact data is excluded."
cdp3_france_cnom_surgeon_denominator,3,10,channel_density,france_cnom_medical_demography_atlas,commercial_channel_coverage,new_table,France,2025,"region;department;specialty_group",physician_count;surgeon_density,pdf_table_extraction_with_metric_qa,source_pdf_acquired,none,"Extract CNOM physician and surgical-specialty denominator tables for France regional density context.","France channel proxy uses CNOM official denominator rows and does not claim aesthetic procedure volume."
cdp3_france_sofcep_surgeon_context,3,11,channel_density,france_sofcep_surgery_context,commercial_channel_coverage,new_table,France,latest_snapshot,"surgeon;association_context",qualified_surgeon_count_context,html_claim_extraction_with_cnom_crosscheck,source_page_discovered,cnom_crosscheck,"Cross-check the SOFCEP qualified surgeon statement with CNOM before using it as a visible denominator.","SOFCEP context is displayed as association context unless cross-checked against an official denominator."
cdp3_switzerland_fmh_plastic_surgery_denominator,3,12,channel_density,switzerland_fmh_physician_statistics,commercial_channel_coverage,new_table,Switzerland,2024,"specialty;gender",plastic_surgeon_count,interactive_table_or_endpoint_mapping,source_page_confirmed,endpoint_mapping,"Map the FMH interactive statistics page or export endpoint for plastic surgery physician counts and keep gender split if machine-readable.","Switzerland rows are source-labeled FMH denominator rows and not treated as treatment volume."
cdp3_switzerland_society_provider_context,3,13,channel_density,switzerland_plastic_surgery_society,commercial_channel_coverage,new_table,Switzerland,latest_snapshot,"society;quality;member",association_context,html_claim_extraction,source_page_discovered,none,"Inspect Swiss Plastic Surgery society pages for member or provider discovery paths and quality context.","Swiss association context appears as provider/channel context unless aggregate member counts are verifiable."
cdp3_czech_nrpzs_provider_density,3,14,channel_density,czech_nrpzs_provider_registry,commercial_channel_coverage,new_table,Czech Republic,latest_snapshot,"facility;specialty;location",provider_count;city_coverage,locator_query_or_html_extraction,source_page_discovered,endpoint_mapping,"Map NRPZS query/filter behavior for plastic surgery providers and aggregate facility counts by geography.","Only aggregate provider counts enter the dashboard; personal contact details are excluded."
cdp3_czech_cspch_society_context,3,15,channel_density,czech_cspch_society_context,commercial_channel_coverage,new_table,Czech Republic,latest_snapshot,"society;official_website",association_context,html_claim_extraction,source_page_discovered,official_website_mapping,"Use EASAPS/ESAPS Czech society page to resolve the official national society site and any public member/provider paths.","Czech society context remains separate from treatment volume and is used for source discovery."
cdp3_canada_cihi_physician_density,3,16,channel_density,canada_cihi_physician_specialty,commercial_channel_coverage,new_table,Canada,"1971-2024","specialty;province",physician_density;specialty_count,html_or_data_table_extraction,source_page_discovered,none,"Extract CIHI physician-per-100000 specialty indicator and isolate plastic surgery if exposed in accessible tables.","Canada denominator rows are source-labeled CIHI and do not claim treatment volume."
cdp3_canada_csps_society_context,3,17,channel_density,canada_csps_society_context,commercial_channel_coverage,new_table,Canada,latest_snapshot,"society;member",association_context;member_count_context,html_claim_extraction,source_page_discovered,none,"Capture CSPS member-scale and society context for Canada provider-density interpretation.","CSPS context is displayed as association context unless a verifiable denominator table is available."
cdp3_canada_csaps_locator_density,3,18,channel_density,canada_csaps_surgeon_locator,commercial_channel_coverage,new_table,Canada,latest_snapshot,"province;city;member",surgeon_locator_count,locator_endpoint_mapping,source_page_discovered,endpoint_mapping,"Map CSAPS surgeon locator and aggregate aesthetic plastic surgeon counts by province/city.","Only aggregate counts enter dashboard; personal contact fields are excluded."
cdp3_poland_nil_specialist_denominator,3,19,channel_density,poland_nil_physician_statistics,commercial_channel_coverage,new_table,Poland,"2025;latest_available","specialty;medical_chamber",plastic_surgeon_count;physician_count,html_download_table_extraction,source_page_discovered,none,"Extract NIL central physician-register statistical tables and isolate plastic surgery specialist counts where available.","Poland denominator rows are source-labeled NIL and not treated as procedure volume."
cdp3_poland_ptchprie_locator_density,3,20,channel_density,poland_ptchprie_surgeon_locator,commercial_channel_coverage,new_table,Poland,latest_snapshot,"city;surgeon;hospital_department",surgeon_locator_count;department_count,html_locator_extraction,source_page_discovered,none,"Extract aggregate counts from PTChPRiE surgeon finder and hospital department list.","Only aggregate locator/dependency counts enter dashboard; no unnecessary personal contact data."
cdp3_sweden_socialstyrelsen_denominator,3,21,channel_density,sweden_socialstyrelsen_hosp_register,commercial_channel_coverage,new_table,Sweden,latest_available,"profession;specialist",authorised_professional_count;specialist_denominator,registry_endpoint_mapping,source_page_discovered,endpoint_mapping,"Map Socialstyrelsen HOSP/statistics endpoints for specialist healthcare professional denominator data.","Sweden denominator context is source-labeled and not used as treatment volume."
cdp3_sweden_spkf_society_context,3,22,channel_density,sweden_spkf_society_context,commercial_channel_coverage,new_table,Sweden,latest_snapshot,"society;specialist",association_context,html_claim_extraction,source_page_discovered,none,"Capture SPKF specialist-society context and any public annual activity/statistics links.","SPKF context remains society/provider context unless verified numeric tables are available."
cdp3_sweden_sfep_locator_density,3,23,channel_density,sweden_sfep_surgeon_locator,commercial_channel_coverage,new_table,Sweden,latest_snapshot,"city;surgeon;member",surgeon_locator_count,locator_endpoint_mapping,source_page_discovered,endpoint_mapping,"Map SFEP aesthetic plastic surgeon locator and aggregate member counts by geography.","Only aggregate member/provider counts enter dashboard; personal contact fields are excluded."
cdp4_world_bank_macro_layer,4,1,macro_demand,world_bank_wdi,commercial_macro_demand,new_table,global,"2015-2025",macro_indicator,"population;gdp_per_capita;urbanization;ageing",api_indicator_pull,planned,indicator_code_review,"Select 8-12 WDI indicators and pull country-year macro denominators.","Macro table covers dashboard countries and can join by ISO/country/year."
cdp4_oecd_health_capacity,4,2,macro_demand,oecd_health_statistics,commercial_macro_demand,new_table,OECD,"2015-2025",health_indicator,"physician_density;health_spending;healthcare_capacity",api_indicator_pull,planned,indicator_code_review,"Pull OECD healthcare capacity indicators for comparable countries.","OECD rows are source-labeled and flagged as OECD-only coverage."
cdp4_korea_mohw_foreign_patient_specialty_proxy,4,3,macro_demand,korea_mohw_foreign_patient_stats,commercial_macro_demand,new_table,South Korea,"2025 release","specialty;origin_country",foreign_patient_count;specialty_mix,pdf_or_hwpx_table_extraction,source_pdf_acquired,none,"Extract MOHW foreign patient statistics PDF/HWPX captured by collect_geo_market_source_discovery.py; isolate dermatology and plastic surgery where disclosed.","Rows are labeled medical-tourism demand proxy and never overwrite ISAPS Korea treatment volume."
cdp4_korea_khiss_health_industry_endpoint_mapping,4,4,macro_demand,korea_khiss_health_industry_stats,commercial_macro_demand,new_table,South Korea,"2020-present","indicator;specialty",medical_tourism_indicator;health_industry_indicator,portal_endpoint_mapping,source_page_discovered,endpoint_mapping,"Map KHISS/KHIDI public endpoints for structured Korea health industry and medical-tourism tables.","Only documented public tables are ingested; page links alone remain discovery evidence."
cdp4_market_report_secondary_triage,4,3,forecast_proxy,market_report_archive,commercial_claims,commercial_claims,"global;region;country","reported_year;forecast_year","market_category;segment",market_size;forecast_cagr;market_share,claim_extraction_with_conflict_guard,live_but_secondary,none,"Reclassify market reports as secondary forecast/proxy evidence after backbone metrics exist.","Market report claims remain visible as estimates and do not overwrite treatment/revenue/channel facts."
cdp4_google_trends_pilot,4,4,interest_proxy,google_trends_social_search,commercial_interest_proxy,new_table,"USA;Brazil;Europe;South Korea;Japan","2020-2026","procedure;brand",search_interest_index,manual_export_or_api_proxy,planned,query_dictionary,"Create controlled query dictionary for botox/filler/EBD terms in target markets.","Interest proxy rows carry query term, region, normalized index and proxy caveat."
cdp4_hong_kong_consumer_medical_beauty_heat,4,5,interest_proxy,hong_kong_consumer_medical_beauty_complaints,commercial_interest_proxy,new_table,Hong Kong,latest_snapshot,"complaint;service_type",complaint_count_or_claim;regulatory_heat,document_claim_extraction,source_page_discovered,none,"Extract Consumer Council medical beauty complaint/regulatory signals only as heat/risk proxy.","Output is clearly labeled consumer/risk proxy and not used as market size."
cdp4_israel_society_survey_heat,4,6,interest_proxy,israel_plastic_surgery_society_news,commercial_interest_proxy,new_table,Israel,"2025-2026","news_topic;treatment_type;specialist",association_survey_claim;procedure_interest_heat,html_claim_extraction_with_proxy_label,source_page_discovered,none,"Extract Israeli association survey and news claims only as heat or demand proxy until official treatment tables are found.","Israel rows are visibly labeled as association survey or interest proxy and never used as confirmed treatment volume."
cdp4_israel_ima_society_context,4,7,interest_proxy,israel_ima_society_context,commercial_interest_proxy,new_table,Israel,2025,"specialty;association",specialty_context,html_pdf_context_extraction,source_pdfs_acquired_context_only,none,"Use the IMAJ Israel plastic surgery issue as source-discovery and specialty context for Israeli society coverage.","IMAJ context appears only as source context and does not add market-size or treatment-volume claims."
