source_file,data_type,category_l1,category_l2,category_l3,geo,value,unit,year,source_org,report_title,url,note,confidence
data\commercial_sources\geo_market_sources\uk_baaps_annual_audit\2020__pdf__2020-results-of-baaps-audit__30e5ef95.pdf,procedure_volume,Surgical procedures,Abdominoplasty,,United Kingdom,2112,procedures,2020,BAAPS,2020 BAAPS Annual Audit Results,https://baaps.org.uk/_userfiles/pages/files/2020_audit_results_for_2021.pdf,BAAPS annual audit current-year surgical procedure count. Source-labeled UK association lane.,official_association_report_text_qa_surgical_only
data\commercial_sources\geo_market_sources\uk_baaps_annual_audit\2020__pdf__2020-results-of-baaps-audit__30e5ef95.pdf,procedure_volume,Surgical procedures,Blepharoplasty,,United Kingdom,2481,procedures,2020,BAAPS,2020 BAAPS Annual Audit Results,https://baaps.org.uk/_userfiles/pages/files/2020_audit_results_for_2021.pdf,BAAPS annual audit current-year surgical procedure count. Source-labeled UK association lane.,official_association_report_text_qa_surgical_only
data\commercial_sources\geo_market_sources\uk_baaps_annual_audit\2020__pdf__2020-results-of-baaps-audit__30e5ef95.pdf,procedure_volume,Surgical procedures,Brachioplasty,,United Kingdom,278,procedures,2020,BAAPS,2020 BAAPS Annual Audit Results,https://baaps.org.uk/_userfiles/pages/files/2020_audit_results_for_2021.pdf,BAAPS annual audit current-year surgical procedure count. Source-labeled UK association lane.,official_association_report_text_qa_surgical_only
data\commercial_sources\geo_market_sources\uk_baaps_annual_audit\2020__pdf__2020-results-of-baaps-audit__30e5ef95.pdf,procedure_volume,Surgical procedures,Breast Augmentation,,United Kingdom,4702,procedures,2020,BAAPS,2020 BAAPS Annual Audit Results,https://baaps.org.uk/_userfiles/pages/files/2020_audit_results_for_2021.pdf,BAAPS annual audit current-year surgical procedure count. Source-labeled UK association lane.,official_association_report_text_qa_surgical_only
data\commercial_sources\geo_market_sources\uk_baaps_annual_audit\2020__pdf__2020-results-of-baaps-audit__30e5ef95.pdf,procedure_volume,Surgical procedures,Breast Implant Removal,,United Kingdom,783,procedures,2020,BAAPS,2020 BAAPS Annual Audit Results,https://baaps.org.uk/_userfiles/pages/files/2020_audit_results_for_2021.pdf,BAAPS annual audit current-year surgical procedure count. Source-labeled UK association lane.,official_association_report_text_qa_surgical_only
data\commercial_sources\geo_market_sources\uk_baaps_annual_audit\2020__pdf__2020-results-of-baaps-audit__30e5ef95.pdf,procedure_volume,Surgical procedures,Breast Reduction,,United Kingdom,3290,procedures,2020,BAAPS,2020 BAAPS Annual Audit Results,https://baaps.org.uk/_userfiles/pages/files/2020_audit_results_for_2021.pdf,BAAPS annual audit current-year surgical procedure count. Source-labeled UK association lane.,official_association_report_text_qa_surgical_only
data\commercial_sources\geo_market_sources\uk_baaps_annual_audit\2020__pdf__2020-results-of-baaps-audit__30e5ef95.pdf,procedure_volume,Surgical procedures,Brow Lift,,United Kingdom,337,procedures,2020,BAAPS,2020 BAAPS Annual Audit Results,https://baaps.org.uk/_userfiles/pages/files/2020_audit_results_for_2021.pdf,BAAPS annual audit current-year surgical procedure count. Source-labeled UK association lane.,official_association_report_text_qa_surgical_only
data\commercial_sources\geo_market_sources\uk_baaps_annual_audit\2020__pdf__2020-results-of-baaps-audit__30e5ef95.pdf,procedure_volume,Surgical procedures,Face/Neck Lift,,United Kingdom,1529,procedures,2020,BAAPS,2020 BAAPS Annual Audit Results,https://baaps.org.uk/_userfiles/pages/files/2020_audit_results_for_2021.pdf,BAAPS annual audit current-year surgical procedure count. Source-labeled UK association lane.,official_association_report_text_qa_surgical_only
data\commercial_sources\geo_market_sources\uk_baaps_annual_audit\2020__pdf__2020-results-of-baaps-audit__30e5ef95.pdf,procedure_volume,Surgical procedures,Fat Transfer,,United Kingdom,1029,procedures,2020,BAAPS,2020 BAAPS Annual Audit Results,https://baaps.org.uk/_userfiles/pages/files/2020_audit_results_for_2021.pdf,BAAPS annual audit current-year surgical procedure count. Source-labeled UK association lane.,official_association_report_text_qa_surgical_only
data\commercial_sources\geo_market_sources\uk_baaps_annual_audit\2020__pdf__2020-results-of-baaps-audit__30e5ef95.pdf,procedure_volume,Surgical procedures,Liposuction,,United Kingdom,1596,procedures,2020,BAAPS,2020 BAAPS Annual Audit Results,https://baaps.org.uk/_userfiles/pages/files/2020_audit_results_for_2021.pdf,BAAPS annual audit current-year surgical procedure count. Source-labeled UK association lane.,official_association_report_text_qa_surgical_only
data\commercial_sources\geo_market_sources\uk_baaps_annual_audit\2020__pdf__2020-results-of-baaps-audit__30e5ef95.pdf,procedure_volume,Surgical procedures,Lower Body Lift,,United Kingdom,132,procedures,2020,BAAPS,2020 BAAPS Annual Audit Results,https://baaps.org.uk/_userfiles/pages/files/2020_audit_results_for_2021.pdf,BAAPS annual audit current-year surgical procedure count. Source-labeled UK association lane.,official_association_report_text_qa_surgical_only
data\commercial_sources\geo_market_sources\uk_baaps_annual_audit\2020__pdf__2020-results-of-baaps-audit__30e5ef95.pdf,procedure_volume,Surgical procedures,Otoplasty,,United Kingdom,794,procedures,2020,BAAPS,2020 BAAPS Annual Audit Results,https://baaps.org.uk/_userfiles/pages/files/2020_audit_results_for_2021.pdf,BAAPS annual audit current-year surgical procedure count. Source-labeled UK association lane.,official_association_report_text_qa_surgical_only
data\commercial_sources\geo_market_sources\uk_baaps_annual_audit\2020__pdf__2020-results-of-baaps-audit__30e5ef95.pdf,procedure_volume,Surgical procedures,Rhinoplasty,,United Kingdom,1994,procedures,2020,BAAPS,2020 BAAPS Annual Audit Results,https://baaps.org.uk/_userfiles/pages/files/2020_audit_results_for_2021.pdf,BAAPS annual audit current-year surgical procedure count. Source-labeled UK association lane.,official_association_report_text_qa_surgical_only
data\commercial_sources\geo_market_sources\uk_baaps_annual_audit\2020__pdf__2020-results-of-baaps-audit__30e5ef95.pdf,procedure_volume,Surgical procedures,Thigh Lift,,United Kingdom,167,procedures,2020,BAAPS,2020 BAAPS Annual Audit Results,https://baaps.org.uk/_userfiles/pages/files/2020_audit_results_for_2021.pdf,BAAPS annual audit current-year surgical procedure count. Source-labeled UK association lane.,official_association_report_text_qa_surgical_only
data\commercial_sources\geo_market_sources\uk_baaps_annual_audit\2020__pdf__2020-results-of-baaps-audit__30e5ef95.pdf,procedure_volume,Surgical procedures,Total surgical procedures,,United Kingdom,21174,procedures,2020,BAAPS,2020 BAAPS Annual Audit Results,https://baaps.org.uk/_userfiles/pages/files/2020_audit_results_for_2021.pdf,BAAPS annual audit current-year total surgical procedures. Source-labeled UK association lane; do not merge silently with ISAPS totals.,official_association_report_text_qa_surgical_only
data\commercial_sources\geo_market_sources\uk_baaps_annual_audit\2021__pdf__2021-results-of-baaps-audit__1df86af2.pdf,procedure_volume,Surgical procedures,Abdominoplasty,,United Kingdom,1488,procedures,2021,BAAPS,2021 BAAPS Annual Audit Results,https://baaps.org.uk/_userfiles/pages/files/2021_audit_results_for_2022_release_final.pdf,BAAPS annual audit current-year surgical procedure count. Source-labeled UK association lane.,official_association_report_text_qa_surgical_only
data\commercial_sources\geo_market_sources\uk_baaps_annual_audit\2021__pdf__2021-results-of-baaps-audit__1df86af2.pdf,procedure_volume,Surgical procedures,Blepharoplasty,,United Kingdom,1597,procedures,2021,BAAPS,2021 BAAPS Annual Audit Results,https://baaps.org.uk/_userfiles/pages/files/2021_audit_results_for_2022_release_final.pdf,BAAPS annual audit current-year surgical procedure count. Source-labeled UK association lane.,official_association_report_text_qa_surgical_only
data\commercial_sources\geo_market_sources\uk_baaps_annual_audit\2021__pdf__2021-results-of-baaps-audit__1df86af2.pdf,procedure_volume,Surgical procedures,Brachioplasty,,United Kingdom,184,procedures,2021,BAAPS,2021 BAAPS Annual Audit Results,https://baaps.org.uk/_userfiles/pages/files/2021_audit_results_for_2022_release_final.pdf,BAAPS annual audit current-year surgical procedure count. Source-labeled UK association lane.,official_association_report_text_qa_surgical_only
data\commercial_sources\geo_market_sources\uk_baaps_annual_audit\2021__pdf__2021-results-of-baaps-audit__1df86af2.pdf,procedure_volume,Surgical procedures,Breast Augmentation,,United Kingdom,4023,procedures,2021,BAAPS,2021 BAAPS Annual Audit Results,https://baaps.org.uk/_userfiles/pages/files/2021_audit_results_for_2022_release_final.pdf,BAAPS annual audit current-year surgical procedure count. Source-labeled UK association lane.,official_association_report_text_qa_surgical_only
data\commercial_sources\geo_market_sources\uk_baaps_annual_audit\2021__pdf__2021-results-of-baaps-audit__1df86af2.pdf,procedure_volume,Surgical procedures,Breast Implant Removal,,United Kingdom,592,procedures,2021,BAAPS,2021 BAAPS Annual Audit Results,https://baaps.org.uk/_userfiles/pages/files/2021_audit_results_for_2022_release_final.pdf,BAAPS annual audit current-year surgical procedure count. Source-labeled UK association lane.,official_association_report_text_qa_surgical_only
data\commercial_sources\geo_market_sources\uk_baaps_annual_audit\2021__pdf__2021-results-of-baaps-audit__1df86af2.pdf,procedure_volume,Surgical procedures,Breast Reduction,,United Kingdom,2528,procedures,2021,BAAPS,2021 BAAPS Annual Audit Results,https://baaps.org.uk/_userfiles/pages/files/2021_audit_results_for_2022_release_final.pdf,BAAPS annual audit current-year surgical procedure count. Source-labeled UK association lane.,official_association_report_text_qa_surgical_only
data\commercial_sources\geo_market_sources\uk_baaps_annual_audit\2021__pdf__2021-results-of-baaps-audit__1df86af2.pdf,procedure_volume,Surgical procedures,Brow Lift,,United Kingdom,152,procedures,2021,BAAPS,2021 BAAPS Annual Audit Results,https://baaps.org.uk/_userfiles/pages/files/2021_audit_results_for_2022_release_final.pdf,BAAPS annual audit current-year surgical procedure count. Source-labeled UK association lane.,official_association_report_text_qa_surgical_only
data\commercial_sources\geo_market_sources\uk_baaps_annual_audit\2021__pdf__2021-results-of-baaps-audit__1df86af2.pdf,procedure_volume,Surgical procedures,Face/Neck Lift,,United Kingdom,901,procedures,2021,BAAPS,2021 BAAPS Annual Audit Results,https://baaps.org.uk/_userfiles/pages/files/2021_audit_results_for_2022_release_final.pdf,BAAPS annual audit current-year surgical procedure count. Source-labeled UK association lane.,official_association_report_text_qa_surgical_only
data\commercial_sources\geo_market_sources\uk_baaps_annual_audit\2021__pdf__2021-results-of-baaps-audit__1df86af2.pdf,procedure_volume,Surgical procedures,Fat Transfer,,United Kingdom,675,procedures,2021,BAAPS,2021 BAAPS Annual Audit Results,https://baaps.org.uk/_userfiles/pages/files/2021_audit_results_for_2022_release_final.pdf,BAAPS annual audit current-year surgical procedure count. Source-labeled UK association lane.,official_association_report_text_qa_surgical_only
data\commercial_sources\geo_market_sources\uk_baaps_annual_audit\2021__pdf__2021-results-of-baaps-audit__1df86af2.pdf,procedure_volume,Surgical procedures,Liposuction,,United Kingdom,1275,procedures,2021,BAAPS,2021 BAAPS Annual Audit Results,https://baaps.org.uk/_userfiles/pages/files/2021_audit_results_for_2022_release_final.pdf,BAAPS annual audit current-year surgical procedure count. Source-labeled UK association lane.,official_association_report_text_qa_surgical_only
data\commercial_sources\geo_market_sources\uk_baaps_annual_audit\2021__pdf__2021-results-of-baaps-audit__1df86af2.pdf,procedure_volume,Surgical procedures,Lower Body Lift,,United Kingdom,82,procedures,2021,BAAPS,2021 BAAPS Annual Audit Results,https://baaps.org.uk/_userfiles/pages/files/2021_audit_results_for_2022_release_final.pdf,BAAPS annual audit current-year surgical procedure count. Source-labeled UK association lane.,official_association_report_text_qa_surgical_only
data\commercial_sources\geo_market_sources\uk_baaps_annual_audit\2021__pdf__2021-results-of-baaps-audit__1df86af2.pdf,procedure_volume,Surgical procedures,Otoplasty,,United Kingdom,469,procedures,2021,BAAPS,2021 BAAPS Annual Audit Results,https://baaps.org.uk/_userfiles/pages/files/2021_audit_results_for_2022_release_final.pdf,BAAPS annual audit current-year surgical procedure count. Source-labeled UK association lane.,official_association_report_text_qa_surgical_only
data\commercial_sources\geo_market_sources\uk_baaps_annual_audit\2021__pdf__2021-results-of-baaps-audit__1df86af2.pdf,procedure_volume,Surgical procedures,Rhinoplasty,,United Kingdom,1330,procedures,2021,BAAPS,2021 BAAPS Annual Audit Results,https://baaps.org.uk/_userfiles/pages/files/2021_audit_results_for_2022_release_final.pdf,BAAPS annual audit current-year surgical procedure count. Source-labeled UK association lane.,official_association_report_text_qa_surgical_only
data\commercial_sources\geo_market_sources\uk_baaps_annual_audit\2021__pdf__2021-results-of-baaps-audit__1df86af2.pdf,procedure_volume,Surgical procedures,Thigh Lift,,United Kingdom,109,procedures,2021,BAAPS,2021 BAAPS Annual Audit Results,https://baaps.org.uk/_userfiles/pages/files/2021_audit_results_for_2022_release_final.pdf,BAAPS annual audit current-year surgical procedure count. Source-labeled UK association lane.,official_association_report_text_qa_surgical_only
data\commercial_sources\geo_market_sources\uk_baaps_annual_audit\2021__pdf__2021-results-of-baaps-audit__1df86af2.pdf,procedure_volume,Surgical procedures,Total surgical procedures,,United Kingdom,15405,procedures,2021,BAAPS,2021 BAAPS Annual Audit Results,https://baaps.org.uk/_userfiles/pages/files/2021_audit_results_for_2022_release_final.pdf,BAAPS annual audit current-year total surgical procedures. Source-labeled UK association lane; do not merge silently with ISAPS totals.,official_association_report_text_qa_surgical_only
data\commercial_sources\geo_market_sources\uk_baaps_annual_audit\2023__pdf__2023-results-of-baaps-audit__e81ecc67.pdf,procedure_volume,Non-surgical procedures,Botox Injections,,United Kingdom,6639,procedures,2022,BAAPS,2022 BAAPS Annual Audit Results,https://baaps.org.uk/_userfiles/pages/files/final_2023_audit_results_for_2024_release.pdf,BAAPS annual audit non-surgical procedure count. Source-labeled UK association lane.,official_association_report_table_qa_non_surgical
data\commercial_sources\geo_market_sources\uk_baaps_annual_audit\2023__pdf__2023-results-of-baaps-audit__e81ecc67.pdf,procedure_volume,Non-surgical procedures,Filler Injections,,United Kingdom,3265,procedures,2022,BAAPS,2022 BAAPS Annual Audit Results,https://baaps.org.uk/_userfiles/pages/files/final_2023_audit_results_for_2024_release.pdf,BAAPS annual audit non-surgical procedure count. Source-labeled UK association lane.,official_association_report_table_qa_non_surgical
data\commercial_sources\geo_market_sources\uk_baaps_annual_audit\2023__pdf__2023-results-of-baaps-audit__e81ecc67.pdf,procedure_volume,Non-surgical procedures,Total Non-Surgical Procedures,,United Kingdom,9904,procedures,2022,BAAPS,2022 BAAPS Annual Audit Results,https://baaps.org.uk/_userfiles/pages/files/final_2023_audit_results_for_2024_release.pdf,BAAPS annual audit non-surgical procedure count. Source-labeled UK association lane.,official_association_report_table_qa_non_surgical
data\commercial_sources\geo_market_sources\uk_baaps_annual_audit\2023__pdf__2023-results-of-baaps-audit__e81ecc67.pdf,procedure_volume,Non-surgical procedures,Botox Injections,,United Kingdom,6449,procedures,2023,BAAPS,2023 BAAPS Annual Audit Results,https://baaps.org.uk/_userfiles/pages/files/final_2023_audit_results_for_2024_release.pdf,BAAPS annual audit non-surgical procedure count. Source-labeled UK association lane.,official_association_report_table_qa_non_surgical
data\commercial_sources\geo_market_sources\uk_baaps_annual_audit\2023__pdf__2023-results-of-baaps-audit__e81ecc67.pdf,procedure_volume,Non-surgical procedures,Filler Injections,,United Kingdom,2388,procedures,2023,BAAPS,2023 BAAPS Annual Audit Results,https://baaps.org.uk/_userfiles/pages/files/final_2023_audit_results_for_2024_release.pdf,BAAPS annual audit non-surgical procedure count. Source-labeled UK association lane.,official_association_report_table_qa_non_surgical
data\commercial_sources\geo_market_sources\uk_baaps_annual_audit\2023__pdf__2023-results-of-baaps-audit__e81ecc67.pdf,procedure_volume,Non-surgical procedures,Total Non-Surgical Procedures,,United Kingdom,8837,procedures,2023,BAAPS,2023 BAAPS Annual Audit Results,https://baaps.org.uk/_userfiles/pages/files/final_2023_audit_results_for_2024_release.pdf,BAAPS annual audit non-surgical procedure count. Source-labeled UK association lane.,official_association_report_table_qa_non_surgical
data\commercial_sources\geo_market_sources\uk_baaps_annual_audit\2023__pdf__2023-results-of-baaps-audit__e81ecc67.pdf,procedure_volume,Surgical procedures,Abdominoplasty,,United Kingdom,2830,procedures,2023,BAAPS,2023 BAAPS Annual Audit Results,https://baaps.org.uk/_userfiles/pages/files/final_2023_audit_results_for_2024_release.pdf,BAAPS annual audit current-year surgical procedure count. Source-labeled UK association lane.,official_association_report_text_qa_surgical_only
data\commercial_sources\geo_market_sources\uk_baaps_annual_audit\2023__pdf__2023-results-of-baaps-audit__e81ecc67.pdf,procedure_volume,Surgical procedures,Blepharoplasty,,United Kingdom,2769,procedures,2023,BAAPS,2023 BAAPS Annual Audit Results,https://baaps.org.uk/_userfiles/pages/files/final_2023_audit_results_for_2024_release.pdf,BAAPS annual audit current-year surgical procedure count. Source-labeled UK association lane.,official_association_report_text_qa_surgical_only
data\commercial_sources\geo_market_sources\uk_baaps_annual_audit\2023__pdf__2023-results-of-baaps-audit__e81ecc67.pdf,procedure_volume,Surgical procedures,Brachioplasty,,United Kingdom,389,procedures,2023,BAAPS,2023 BAAPS Annual Audit Results,https://baaps.org.uk/_userfiles/pages/files/final_2023_audit_results_for_2024_release.pdf,BAAPS annual audit current-year surgical procedure count. Source-labeled UK association lane.,official_association_report_text_qa_surgical_only
data\commercial_sources\geo_market_sources\uk_baaps_annual_audit\2023__pdf__2023-results-of-baaps-audit__e81ecc67.pdf,procedure_volume,Surgical procedures,Breast Augmentation,,United Kingdom,4924,procedures,2023,BAAPS,2023 BAAPS Annual Audit Results,https://baaps.org.uk/_userfiles/pages/files/final_2023_audit_results_for_2024_release.pdf,BAAPS annual audit current-year surgical procedure count. Source-labeled UK association lane.,official_association_report_text_qa_surgical_only
data\commercial_sources\geo_market_sources\uk_baaps_annual_audit\2023__pdf__2023-results-of-baaps-audit__e81ecc67.pdf,procedure_volume,Surgical procedures,Breast Implant Removal,,United Kingdom,846,procedures,2023,BAAPS,2023 BAAPS Annual Audit Results,https://baaps.org.uk/_userfiles/pages/files/final_2023_audit_results_for_2024_release.pdf,BAAPS annual audit current-year surgical procedure count. Source-labeled UK association lane.,official_association_report_text_qa_surgical_only
data\commercial_sources\geo_market_sources\uk_baaps_annual_audit\2023__pdf__2023-results-of-baaps-audit__e81ecc67.pdf,procedure_volume,Surgical procedures,Breast Reduction,,United Kingdom,4641,procedures,2023,BAAPS,2023 BAAPS Annual Audit Results,https://baaps.org.uk/_userfiles/pages/files/final_2023_audit_results_for_2024_release.pdf,BAAPS annual audit current-year surgical procedure count. Source-labeled UK association lane.,official_association_report_text_qa_surgical_only
data\commercial_sources\geo_market_sources\uk_baaps_annual_audit\2023__pdf__2023-results-of-baaps-audit__e81ecc67.pdf,procedure_volume,Surgical procedures,Brow Lift,,United Kingdom,402,procedures,2023,BAAPS,2023 BAAPS Annual Audit Results,https://baaps.org.uk/_userfiles/pages/files/final_2023_audit_results_for_2024_release.pdf,BAAPS annual audit current-year surgical procedure count. Source-labeled UK association lane.,official_association_report_text_qa_surgical_only
data\commercial_sources\geo_market_sources\uk_baaps_annual_audit\2023__pdf__2023-results-of-baaps-audit__e81ecc67.pdf,procedure_volume,Surgical procedures,Face/Neck Lift,,United Kingdom,1742,procedures,2023,BAAPS,2023 BAAPS Annual Audit Results,https://baaps.org.uk/_userfiles/pages/files/final_2023_audit_results_for_2024_release.pdf,BAAPS annual audit current-year surgical procedure count. Source-labeled UK association lane.,official_association_report_text_qa_surgical_only
data\commercial_sources\geo_market_sources\uk_baaps_annual_audit\2023__pdf__2023-results-of-baaps-audit__e81ecc67.pdf,procedure_volume,Surgical procedures,Fat Transfer,,United Kingdom,1330,procedures,2023,BAAPS,2023 BAAPS Annual Audit Results,https://baaps.org.uk/_userfiles/pages/files/final_2023_audit_results_for_2024_release.pdf,BAAPS annual audit current-year surgical procedure count. Source-labeled UK association lane.,official_association_report_text_qa_surgical_only
data\commercial_sources\geo_market_sources\uk_baaps_annual_audit\2023__pdf__2023-results-of-baaps-audit__e81ecc67.pdf,procedure_volume,Surgical procedures,Labiaplasty,,United Kingdom,680,procedures,2023,BAAPS,2023 BAAPS Annual Audit Results,https://baaps.org.uk/_userfiles/pages/files/final_2023_audit_results_for_2024_release.pdf,BAAPS annual audit current-year surgical procedure count. Source-labeled UK association lane.,official_association_report_text_qa_surgical_only
data\commercial_sources\geo_market_sources\uk_baaps_annual_audit\2023__pdf__2023-results-of-baaps-audit__e81ecc67.pdf,procedure_volume,Surgical procedures,Liposuction,,United Kingdom,2424,procedures,2023,BAAPS,2023 BAAPS Annual Audit Results,https://baaps.org.uk/_userfiles/pages/files/final_2023_audit_results_for_2024_release.pdf,BAAPS annual audit current-year surgical procedure count. Source-labeled UK association lane.,official_association_report_text_qa_surgical_only
data\commercial_sources\geo_market_sources\uk_baaps_annual_audit\2023__pdf__2023-results-of-baaps-audit__e81ecc67.pdf,procedure_volume,Surgical procedures,Lower Body Lift,,United Kingdom,167,procedures,2023,BAAPS,2023 BAAPS Annual Audit Results,https://baaps.org.uk/_userfiles/pages/files/final_2023_audit_results_for_2024_release.pdf,BAAPS annual audit current-year surgical procedure count. Source-labeled UK association lane.,official_association_report_text_qa_surgical_only
data\commercial_sources\geo_market_sources\uk_baaps_annual_audit\2023__pdf__2023-results-of-baaps-audit__e81ecc67.pdf,procedure_volume,Surgical procedures,Otoplasty,,United Kingdom,648,procedures,2023,BAAPS,2023 BAAPS Annual Audit Results,https://baaps.org.uk/_userfiles/pages/files/final_2023_audit_results_for_2024_release.pdf,BAAPS annual audit current-year surgical procedure count. Source-labeled UK association lane.,official_association_report_text_qa_surgical_only
data\commercial_sources\geo_market_sources\uk_baaps_annual_audit\2023__pdf__2023-results-of-baaps-audit__e81ecc67.pdf,procedure_volume,Surgical procedures,Rhinoplasty,,United Kingdom,1950,procedures,2023,BAAPS,2023 BAAPS Annual Audit Results,https://baaps.org.uk/_userfiles/pages/files/final_2023_audit_results_for_2024_release.pdf,BAAPS annual audit current-year surgical procedure count. Source-labeled UK association lane.,official_association_report_text_qa_surgical_only
data\commercial_sources\geo_market_sources\uk_baaps_annual_audit\2023__pdf__2023-results-of-baaps-audit__e81ecc67.pdf,procedure_volume,Surgical procedures,Thigh Lift,,United Kingdom,229,procedures,2023,BAAPS,2023 BAAPS Annual Audit Results,https://baaps.org.uk/_userfiles/pages/files/final_2023_audit_results_for_2024_release.pdf,BAAPS annual audit current-year surgical procedure count. Source-labeled UK association lane.,official_association_report_text_qa_surgical_only
data\commercial_sources\geo_market_sources\uk_baaps_annual_audit\2023__pdf__2023-results-of-baaps-audit__e81ecc67.pdf,procedure_volume,Surgical procedures,Total surgical procedures,,United Kingdom,25972,procedures,2023,BAAPS,2023 BAAPS Annual Audit Results,https://baaps.org.uk/_userfiles/pages/files/final_2023_audit_results_for_2024_release.pdf,BAAPS annual audit current-year total surgical procedures. Source-labeled UK association lane; do not merge silently with ISAPS totals.,official_association_report_text_qa_surgical_only
data\commercial_sources\geo_market_sources\uk_baaps_annual_audit\2024__pdf__2024-results-of-baaps-audit__fb12d754.pdf,procedure_volume,Non-surgical procedures,Botox Injections,,United Kingdom,6784,procedures,2024,BAAPS,2024 BAAPS Annual Audit Results,https://baaps.org.uk/_userfiles/pages/files/2024_audit_results_for_2025_release_final.pdf,BAAPS annual audit non-surgical procedure count. Source-labeled UK association lane.,official_association_report_table_qa_non_surgical
data\commercial_sources\geo_market_sources\uk_baaps_annual_audit\2024__pdf__2024-results-of-baaps-audit__fb12d754.pdf,procedure_volume,Non-surgical procedures,Filler Injections,,United Kingdom,3023,procedures,2024,BAAPS,2024 BAAPS Annual Audit Results,https://baaps.org.uk/_userfiles/pages/files/2024_audit_results_for_2025_release_final.pdf,BAAPS annual audit non-surgical procedure count. Source-labeled UK association lane.,official_association_report_table_qa_non_surgical
data\commercial_sources\geo_market_sources\uk_baaps_annual_audit\2024__pdf__2024-results-of-baaps-audit__fb12d754.pdf,procedure_volume,Non-surgical procedures,Total Non-Surgical Procedures,,United Kingdom,9807,procedures,2024,BAAPS,2024 BAAPS Annual Audit Results,https://baaps.org.uk/_userfiles/pages/files/2024_audit_results_for_2025_release_final.pdf,BAAPS annual audit non-surgical procedure count. Source-labeled UK association lane.,official_association_report_table_qa_non_surgical
data\commercial_sources\geo_market_sources\uk_baaps_annual_audit\2024__pdf__2024-results-of-baaps-audit__fb12d754.pdf,procedure_volume,Surgical procedures,Abdominoplasty,,United Kingdom,2997,procedures,2024,BAAPS,2024 BAAPS Annual Audit Results,https://baaps.org.uk/_userfiles/pages/files/2024_audit_results_for_2025_release_final.pdf,BAAPS annual audit current-year surgical procedure count from table. Source-labeled UK association lane.,official_association_report_table_qa_surgical_only
data\commercial_sources\geo_market_sources\uk_baaps_annual_audit\2024__pdf__2024-results-of-baaps-audit__fb12d754.pdf,procedure_volume,Surgical procedures,Blepharoplasty,,United Kingdom,3138,procedures,2024,BAAPS,2024 BAAPS Annual Audit Results,https://baaps.org.uk/_userfiles/pages/files/2024_audit_results_for_2025_release_final.pdf,BAAPS annual audit current-year surgical procedure count from table. Source-labeled UK association lane.,official_association_report_table_qa_surgical_only
data\commercial_sources\geo_market_sources\uk_baaps_annual_audit\2024__pdf__2024-results-of-baaps-audit__fb12d754.pdf,procedure_volume,Surgical procedures,Brachioplasty,,United Kingdom,439,procedures,2024,BAAPS,2024 BAAPS Annual Audit Results,https://baaps.org.uk/_userfiles/pages/files/2024_audit_results_for_2025_release_final.pdf,BAAPS annual audit current-year surgical procedure count from table. Source-labeled UK association lane.,official_association_report_table_qa_surgical_only
data\commercial_sources\geo_market_sources\uk_baaps_annual_audit\2024__pdf__2024-results-of-baaps-audit__fb12d754.pdf,procedure_volume,Surgical procedures,Breast Augmentation,,United Kingdom,5202,procedures,2024,BAAPS,2024 BAAPS Annual Audit Results,https://baaps.org.uk/_userfiles/pages/files/2024_audit_results_for_2025_release_final.pdf,BAAPS annual audit current-year surgical procedure count from table. Source-labeled UK association lane.,official_association_report_table_qa_surgical_only
data\commercial_sources\geo_market_sources\uk_baaps_annual_audit\2024__pdf__2024-results-of-baaps-audit__fb12d754.pdf,procedure_volume,Surgical procedures,Breast Implant Removal,,United Kingdom,805,procedures,2024,BAAPS,2024 BAAPS Annual Audit Results,https://baaps.org.uk/_userfiles/pages/files/2024_audit_results_for_2025_release_final.pdf,BAAPS annual audit current-year surgical procedure count from table. Source-labeled UK association lane.,official_association_report_table_qa_surgical_only
data\commercial_sources\geo_market_sources\uk_baaps_annual_audit\2024__pdf__2024-results-of-baaps-audit__fb12d754.pdf,procedure_volume,Surgical procedures,Breast Reduction,,United Kingdom,4707,procedures,2024,BAAPS,2024 BAAPS Annual Audit Results,https://baaps.org.uk/_userfiles/pages/files/2024_audit_results_for_2025_release_final.pdf,BAAPS annual audit current-year surgical procedure count from table. Source-labeled UK association lane.,official_association_report_table_qa_surgical_only
data\commercial_sources\geo_market_sources\uk_baaps_annual_audit\2024__pdf__2024-results-of-baaps-audit__fb12d754.pdf,procedure_volume,Surgical procedures,Brow Lift,,United Kingdom,481,procedures,2024,BAAPS,2024 BAAPS Annual Audit Results,https://baaps.org.uk/_userfiles/pages/files/2024_audit_results_for_2025_release_final.pdf,BAAPS annual audit current-year surgical procedure count from table. Source-labeled UK association lane.,official_association_report_table_qa_surgical_only
data\commercial_sources\geo_market_sources\uk_baaps_annual_audit\2024__pdf__2024-results-of-baaps-audit__fb12d754.pdf,procedure_volume,Surgical procedures,Face/Neck Lift,,United Kingdom,1882,procedures,2024,BAAPS,2024 BAAPS Annual Audit Results,https://baaps.org.uk/_userfiles/pages/files/2024_audit_results_for_2025_release_final.pdf,BAAPS annual audit current-year surgical procedure count from table. Source-labeled UK association lane.,official_association_report_table_qa_surgical_only
data\commercial_sources\geo_market_sources\uk_baaps_annual_audit\2024__pdf__2024-results-of-baaps-audit__fb12d754.pdf,procedure_volume,Surgical procedures,Fat Transfer,,United Kingdom,1400,procedures,2024,BAAPS,2024 BAAPS Annual Audit Results,https://baaps.org.uk/_userfiles/pages/files/2024_audit_results_for_2025_release_final.pdf,BAAPS annual audit current-year surgical procedure count from table. Source-labeled UK association lane.,official_association_report_table_qa_surgical_only
data\commercial_sources\geo_market_sources\uk_baaps_annual_audit\2024__pdf__2024-results-of-baaps-audit__fb12d754.pdf,procedure_volume,Surgical procedures,Labiaplasty,,United Kingdom,635,procedures,2024,BAAPS,2024 BAAPS Annual Audit Results,https://baaps.org.uk/_userfiles/pages/files/2024_audit_results_for_2025_release_final.pdf,BAAPS annual audit current-year surgical procedure count from table. Source-labeled UK association lane.,official_association_report_table_qa_surgical_only
data\commercial_sources\geo_market_sources\uk_baaps_annual_audit\2024__pdf__2024-results-of-baaps-audit__fb12d754.pdf,procedure_volume,Surgical procedures,Liposuction,,United Kingdom,2623,procedures,2024,BAAPS,2024 BAAPS Annual Audit Results,https://baaps.org.uk/_userfiles/pages/files/2024_audit_results_for_2025_release_final.pdf,BAAPS annual audit current-year surgical procedure count from table. Source-labeled UK association lane.,official_association_report_table_qa_surgical_only
data\commercial_sources\geo_market_sources\uk_baaps_annual_audit\2024__pdf__2024-results-of-baaps-audit__fb12d754.pdf,procedure_volume,Surgical procedures,Lower Body Lift,,United Kingdom,181,procedures,2024,BAAPS,2024 BAAPS Annual Audit Results,https://baaps.org.uk/_userfiles/pages/files/2024_audit_results_for_2025_release_final.pdf,BAAPS annual audit current-year surgical procedure count from table. Source-labeled UK association lane.,official_association_report_table_qa_surgical_only
data\commercial_sources\geo_market_sources\uk_baaps_annual_audit\2024__pdf__2024-results-of-baaps-audit__fb12d754.pdf,procedure_volume,Surgical procedures,Otoplasty,,United Kingdom,663,procedures,2024,BAAPS,2024 BAAPS Annual Audit Results,https://baaps.org.uk/_userfiles/pages/files/2024_audit_results_for_2025_release_final.pdf,BAAPS annual audit current-year surgical procedure count from table. Source-labeled UK association lane.,official_association_report_table_qa_surgical_only
data\commercial_sources\geo_market_sources\uk_baaps_annual_audit\2024__pdf__2024-results-of-baaps-audit__fb12d754.pdf,procedure_volume,Surgical procedures,Rhinoplasty,,United Kingdom,1938,procedures,2024,BAAPS,2024 BAAPS Annual Audit Results,https://baaps.org.uk/_userfiles/pages/files/2024_audit_results_for_2025_release_final.pdf,BAAPS annual audit current-year surgical procedure count from table. Source-labeled UK association lane.,official_association_report_table_qa_surgical_only
data\commercial_sources\geo_market_sources\uk_baaps_annual_audit\2024__pdf__2024-results-of-baaps-audit__fb12d754.pdf,procedure_volume,Surgical procedures,Superficial Gluteal Lipofilling,,United Kingdom,88,procedures,2024,BAAPS,2024 BAAPS Annual Audit Results,https://baaps.org.uk/_userfiles/pages/files/2024_audit_results_for_2025_release_final.pdf,BAAPS annual audit current-year surgical procedure count from table. Source-labeled UK association lane.,official_association_report_table_qa_surgical_only
data\commercial_sources\geo_market_sources\uk_baaps_annual_audit\2024__pdf__2024-results-of-baaps-audit__fb12d754.pdf,procedure_volume,Surgical procedures,Thigh Lift,,United Kingdom,283,procedures,2024,BAAPS,2024 BAAPS Annual Audit Results,https://baaps.org.uk/_userfiles/pages/files/2024_audit_results_for_2025_release_final.pdf,BAAPS annual audit current-year surgical procedure count from table. Source-labeled UK association lane.,official_association_report_table_qa_surgical_only
data\commercial_sources\geo_market_sources\uk_baaps_annual_audit\2024__pdf__2024-results-of-baaps-audit__fb12d754.pdf,procedure_volume,Surgical procedures,Total surgical procedures,,United Kingdom,27462,procedures,2024,BAAPS,2024 BAAPS Annual Audit Results,https://baaps.org.uk/_userfiles/pages/files/2024_audit_results_for_2025_release_final.pdf,BAAPS annual audit current-year total surgical procedures from table. Source-labeled UK association lane; do not merge silently with ISAPS totals.,official_association_report_table_qa_surgical_only
data\commercial_sources\geo_market_sources\uk_baaps_annual_audit\2025__pdf__2025-results-of-baaps-audit__ead5de1c.pdf,procedure_volume,Non-surgical procedures,Botox Injections,,United Kingdom,5606,procedures,2025,BAAPS,2025 BAAPS Annual Audit Results,https://baaps.org.uk/_userfiles/pages/files/2025_audit_results_for_2026_release_final.pdf,BAAPS annual audit non-surgical procedure count. Source-labeled UK association lane.,official_association_report_table_qa_non_surgical
data\commercial_sources\geo_market_sources\uk_baaps_annual_audit\2025__pdf__2025-results-of-baaps-audit__ead5de1c.pdf,procedure_volume,Non-surgical procedures,Filler Injections,,United Kingdom,2228,procedures,2025,BAAPS,2025 BAAPS Annual Audit Results,https://baaps.org.uk/_userfiles/pages/files/2025_audit_results_for_2026_release_final.pdf,BAAPS annual audit non-surgical procedure count. Source-labeled UK association lane.,official_association_report_table_qa_non_surgical
data\commercial_sources\geo_market_sources\uk_baaps_annual_audit\2025__pdf__2025-results-of-baaps-audit__ead5de1c.pdf,procedure_volume,Non-surgical procedures,Total Non-Surgical Procedures,,United Kingdom,7834,procedures,2025,BAAPS,2025 BAAPS Annual Audit Results,https://baaps.org.uk/_userfiles/pages/files/2025_audit_results_for_2026_release_final.pdf,BAAPS annual audit non-surgical procedure count. Source-labeled UK association lane.,official_association_report_table_qa_non_surgical
data\commercial_sources\geo_market_sources\uk_baaps_annual_audit\2025__pdf__2025-results-of-baaps-audit__ead5de1c.pdf,procedure_volume,Surgical procedures,Abdominoplasty,,United Kingdom,2845,procedures,2025,BAAPS,2025 BAAPS Annual Audit Results,https://baaps.org.uk/_userfiles/pages/files/2025_audit_results_for_2026_release_final.pdf,BAAPS annual audit current-year surgical procedure count from table. Source-labeled UK association lane.,official_association_report_table_qa_surgical_only
data\commercial_sources\geo_market_sources\uk_baaps_annual_audit\2025__pdf__2025-results-of-baaps-audit__ead5de1c.pdf,procedure_volume,Surgical procedures,Blepharoplasty,,United Kingdom,3381,procedures,2025,BAAPS,2025 BAAPS Annual Audit Results,https://baaps.org.uk/_userfiles/pages/files/2025_audit_results_for_2026_release_final.pdf,BAAPS annual audit current-year surgical procedure count from table. Source-labeled UK association lane.,official_association_report_table_qa_surgical_only
data\commercial_sources\geo_market_sources\uk_baaps_annual_audit\2025__pdf__2025-results-of-baaps-audit__ead5de1c.pdf,procedure_volume,Surgical procedures,Brachioplasty,,United Kingdom,433,procedures,2025,BAAPS,2025 BAAPS Annual Audit Results,https://baaps.org.uk/_userfiles/pages/files/2025_audit_results_for_2026_release_final.pdf,BAAPS annual audit current-year surgical procedure count from table. Source-labeled UK association lane.,official_association_report_table_qa_surgical_only
data\commercial_sources\geo_market_sources\uk_baaps_annual_audit\2025__pdf__2025-results-of-baaps-audit__ead5de1c.pdf,procedure_volume,Surgical procedures,Breast Augmentation,,United Kingdom,4761,procedures,2025,BAAPS,2025 BAAPS Annual Audit Results,https://baaps.org.uk/_userfiles/pages/files/2025_audit_results_for_2026_release_final.pdf,BAAPS annual audit current-year surgical procedure count from table. Source-labeled UK association lane.,official_association_report_table_qa_surgical_only
data\commercial_sources\geo_market_sources\uk_baaps_annual_audit\2025__pdf__2025-results-of-baaps-audit__ead5de1c.pdf,procedure_volume,Surgical procedures,Breast Implant Removal,,United Kingdom,850,procedures,2025,BAAPS,2025 BAAPS Annual Audit Results,https://baaps.org.uk/_userfiles/pages/files/2025_audit_results_for_2026_release_final.pdf,BAAPS annual audit current-year surgical procedure count from table. Source-labeled UK association lane.,official_association_report_table_qa_surgical_only
data\commercial_sources\geo_market_sources\uk_baaps_annual_audit\2025__pdf__2025-results-of-baaps-audit__ead5de1c.pdf,procedure_volume,Surgical procedures,Breast Reduction,,United Kingdom,4673,procedures,2025,BAAPS,2025 BAAPS Annual Audit Results,https://baaps.org.uk/_userfiles/pages/files/2025_audit_results_for_2026_release_final.pdf,BAAPS annual audit current-year surgical procedure count from table. Source-labeled UK association lane.,official_association_report_table_qa_surgical_only
data\commercial_sources\geo_market_sources\uk_baaps_annual_audit\2025__pdf__2025-results-of-baaps-audit__ead5de1c.pdf,procedure_volume,Surgical procedures,Brow Lift,,United Kingdom,612,procedures,2025,BAAPS,2025 BAAPS Annual Audit Results,https://baaps.org.uk/_userfiles/pages/files/2025_audit_results_for_2026_release_final.pdf,BAAPS annual audit current-year surgical procedure count from table. Source-labeled UK association lane.,official_association_report_table_qa_surgical_only
data\commercial_sources\geo_market_sources\uk_baaps_annual_audit\2025__pdf__2025-results-of-baaps-audit__ead5de1c.pdf,procedure_volume,Surgical procedures,Face/Neck Lift,,United Kingdom,2097,procedures,2025,BAAPS,2025 BAAPS Annual Audit Results,https://baaps.org.uk/_userfiles/pages/files/2025_audit_results_for_2026_release_final.pdf,BAAPS annual audit current-year surgical procedure count from table. Source-labeled UK association lane.,official_association_report_table_qa_surgical_only
data\commercial_sources\geo_market_sources\uk_baaps_annual_audit\2025__pdf__2025-results-of-baaps-audit__ead5de1c.pdf,procedure_volume,Surgical procedures,Fat Transfer,,United Kingdom,1338,procedures,2025,BAAPS,2025 BAAPS Annual Audit Results,https://baaps.org.uk/_userfiles/pages/files/2025_audit_results_for_2026_release_final.pdf,BAAPS annual audit current-year surgical procedure count from table. Source-labeled UK association lane.,official_association_report_table_qa_surgical_only
data\commercial_sources\geo_market_sources\uk_baaps_annual_audit\2025__pdf__2025-results-of-baaps-audit__ead5de1c.pdf,procedure_volume,Surgical procedures,Labiaplasty,,United Kingdom,675,procedures,2025,BAAPS,2025 BAAPS Annual Audit Results,https://baaps.org.uk/_userfiles/pages/files/2025_audit_results_for_2026_release_final.pdf,BAAPS annual audit current-year surgical procedure count from table. Source-labeled UK association lane.,official_association_report_table_qa_surgical_only
data\commercial_sources\geo_market_sources\uk_baaps_annual_audit\2025__pdf__2025-results-of-baaps-audit__ead5de1c.pdf,procedure_volume,Surgical procedures,Liposuction,,United Kingdom,2463,procedures,2025,BAAPS,2025 BAAPS Annual Audit Results,https://baaps.org.uk/_userfiles/pages/files/2025_audit_results_for_2026_release_final.pdf,BAAPS annual audit current-year surgical procedure count from table. Source-labeled UK association lane.,official_association_report_table_qa_surgical_only
data\commercial_sources\geo_market_sources\uk_baaps_annual_audit\2025__pdf__2025-results-of-baaps-audit__ead5de1c.pdf,procedure_volume,Surgical procedures,Lower Body Lift,,United Kingdom,147,procedures,2025,BAAPS,2025 BAAPS Annual Audit Results,https://baaps.org.uk/_userfiles/pages/files/2025_audit_results_for_2026_release_final.pdf,BAAPS annual audit current-year surgical procedure count from table. Source-labeled UK association lane.,official_association_report_table_qa_surgical_only
data\commercial_sources\geo_market_sources\uk_baaps_annual_audit\2025__pdf__2025-results-of-baaps-audit__ead5de1c.pdf,procedure_volume,Surgical procedures,Otoplasty,,United Kingdom,616,procedures,2025,BAAPS,2025 BAAPS Annual Audit Results,https://baaps.org.uk/_userfiles/pages/files/2025_audit_results_for_2026_release_final.pdf,BAAPS annual audit current-year surgical procedure count from table. Source-labeled UK association lane.,official_association_report_table_qa_surgical_only
data\commercial_sources\geo_market_sources\uk_baaps_annual_audit\2025__pdf__2025-results-of-baaps-audit__ead5de1c.pdf,procedure_volume,Surgical procedures,Rhinoplasty,,United Kingdom,1595,procedures,2025,BAAPS,2025 BAAPS Annual Audit Results,https://baaps.org.uk/_userfiles/pages/files/2025_audit_results_for_2026_release_final.pdf,BAAPS annual audit current-year surgical procedure count from table. Source-labeled UK association lane.,official_association_report_table_qa_surgical_only
data\commercial_sources\geo_market_sources\uk_baaps_annual_audit\2025__pdf__2025-results-of-baaps-audit__ead5de1c.pdf,procedure_volume,Surgical procedures,Superficial Gluteal Lipofilling,,United Kingdom,55,procedures,2025,BAAPS,2025 BAAPS Annual Audit Results,https://baaps.org.uk/_userfiles/pages/files/2025_audit_results_for_2026_release_final.pdf,BAAPS annual audit current-year surgical procedure count from table. Source-labeled UK association lane.,official_association_report_table_qa_surgical_only
data\commercial_sources\geo_market_sources\uk_baaps_annual_audit\2025__pdf__2025-results-of-baaps-audit__ead5de1c.pdf,procedure_volume,Surgical procedures,Thigh Lift,,United Kingdom,299,procedures,2025,BAAPS,2025 BAAPS Annual Audit Results,https://baaps.org.uk/_userfiles/pages/files/2025_audit_results_for_2026_release_final.pdf,BAAPS annual audit current-year surgical procedure count from table. Source-labeled UK association lane.,official_association_report_table_qa_surgical_only
data\commercial_sources\geo_market_sources\uk_baaps_annual_audit\2025__pdf__2025-results-of-baaps-audit__ead5de1c.pdf,procedure_volume,Surgical procedures,Total surgical procedures,,United Kingdom,26840,procedures,2025,BAAPS,2025 BAAPS Annual Audit Results,https://baaps.org.uk/_userfiles/pages/files/2025_audit_results_for_2026_release_final.pdf,BAAPS annual audit current-year total surgical procedures from table. Source-labeled UK association lane; do not merge silently with ISAPS totals.,official_association_report_table_qa_surgical_only
